ReportNumber,ReportedAt,OccurredAt,Description,Latitude,Longitude,LocationDescription,Waterbody,County,Medium,SubstanceName,QuantityGallons,RecoveredGallons,SourceType,ResponsibleParty,Status
ERTS-2020-001382,2020-09-30T17:04:00Z,2020-09-30T06:37:00Z,Recreational vessel reported taking on water; visible sheen at marina slip.,,,"March Point, Anacortes",Fidalgo Bay,Skagit,Marine Water,Hydraulic oil,2.9,,Vessel,,Closed
ERTS-2020-001386,2020-01-01T15:52:00Z,,Semi-truck saddle tank punctured in collision; fuel reached roadside ditch.,47.61521,-117.44997,Spokane River,Spokane River,Spokane,Fresh Water,Diesel fuel,4.9,0.4,Vehicle,Evergreen Freight Lines,Closed
ERTS-2020-001390,2020-01-11T16:45:00Z,2020-01-09T23:28:00Z,Transfer line drip at terminal loading rack; contained within secondary containment.,47.99139,-122.22336,"Port Gardner, Everett",Port Gardner Bay,Snohomish,Marine Water,Diesel fuel,20.5,,Facility,Unknown,Closed
ERTS-2020-001394,2020-02-26T18:52:00Z,2020-02-24T19:22:00Z,Passerby reported petroleum odor and discoloration; no source located.,46.31824,-123.98891,Ilwaco,Columbia River,Pacific,Marine Water,Unknown oil sheen,2.6,1.7,Unknown,Unknown,Closed
ERTS-2020-001397,2020-08-12T10:30:00Z,,Sheen observed alongside moored gasoline source vessel; boom deployed by responding crew.,47.60281,-122.66155,"Sinclair Inlet, Bremerton",Sinclair Inlet,Kitsap,Marine Water,Gasoline,42.8,36.0,Vessel,Evergreen Freight Lines,Closed
ERTS-2020-001403,2020-06-12T06:40:00Z,2020-06-10T22:00:00Z,Third-party excavation strike on distribution line; area evacuated during repair.,47.30349,-122.39798,"Commencement Bay, Tacoma",Commencement Bay,Pierce,Marine Water,Gasoline,2.5,1.5,Pipeline,Pacific Crest Fuels Inc.,Closed
ERTS-2020-001405,2020-01-14T06:29:00Z,2020-01-13T00:58:00Z,Tank overfill alarm failure led to release at bulk fuel facility; vacuum truck dispatched.,46.29722,-124.06584,Ilwaco,Columbia River,Pacific,Marine Water,Bunker C (No. 6 fuel oil),4.8,2.9,Facility,Chinook Petroleum Distributors,Closed
ERTS-2020-001409,2020-05-15T17:23:00Z,,Fuel tank rupture after vehicle left roadway; contaminated soil excavated.,47.56565,-119.88330,"US-2, Douglas County",,Douglas,Land,Diesel fuel,4.6,,Vehicle,Olympic Peninsula Logging Co.,Closed
ERTS-2020-001413,2020-05-04T10:18:00Z,2020-05-02T10:42:00Z,Stormwater outfall sheen traced to facility oil-water separator bypass.,46.94767,-120.53652,"I-90, Ellensburg",,Kittitas,Land,Bunker C (No. 6 fuel oil),74.0,,Facility,Columbia Basin Transport,Closed
ERTS-2020-001414,2020-02-19T17:45:00Z,2020-02-18T13:12:00Z,Semi-truck saddle tank punctured in collision; fuel reached roadside ditch.,47.01569,-120.50626,"I-90, Ellensburg",,Kittitas,Groundwater,Diesel fuel,4.4,1.1,Vehicle,Selkirk Rail Services,Closed
ERTS-2020-001419,2020-12-26T12:43:00Z,2020-12-25T02:05:00Z,Fuel tank rupture after vehicle left roadway; contaminated soil excavated.,46.71997,-122.91789,"I-5 corridor, Centralia",,Lewis,Land,Diesel fuel,4.1,,Vehicle,,Closed
ERTS-2020-001424,2020-11-11T10:25:00Z,2020-11-11T08:12:00Z,Passerby reported petroleum odor and discoloration; no source located.,47.28377,-122.40286,"Commencement Bay, Tacoma",Commencement Bay,Pierce,Marine Water,Unknown oil sheen,,,Unknown,,Closed
ERTS-2020-001427,2020-01-30T19:00:00Z,2020-01-30T16:31:00Z,Transfer line drip at terminal loading rack; contained within secondary containment.,45.62669,-122.64416,Vancouver waterfront,Columbia River,Clark,Fresh Water,Crude oil,2.8,,Facility,Puget Terminal Operations LLC,Closed
ERTS-2020-001433,2020-02-19T11:28:00Z,2020-02-18T05:13:00Z,Valve gasket failure during product transfer; spill contained on paved apron.,48.56527,-123.04847,Friday Harbor,San Juan Channel,San Juan,Marine Water,Diesel fuel,,,Facility,Puget Terminal Operations LLC,Closed
ERTS-2020-001434,2020-12-08T06:52:00Z,2020-12-06T10:27:00Z,Transfer line drip at terminal loading rack; contained within secondary containment.,47.55931,-122.35358,"Harbor Island, Seattle",Duwamish Waterway,King,Marine Water,Crude oil,39.8,4.9,Facility,Rainier Towing & Barge Co.,Closed
ERTS-2020-001435,2020-08-15T16:00:00Z,2020-08-13T22:08:00Z,Transfer line drip at terminal loading rack; contained within secondary containment.,46.96029,-120.58514,"I-90, Ellensburg",,Kittitas,Land,Jet fuel (Jet-A),3.1,0.8,Facility,Salish Sea Charters,Referred To Other Agency
ERTS-2020-001436,2020-03-10T16:38:00Z,,Fishing vessel bilge discharge produced intermittent sheen near dock.,48.77201,-122.50547,Bellingham Bay,Bellingham Bay,Whatcom,Marine Water,Lube oil,5.1,1.8,Vessel,,Closed
ERTS-2020-001439,2020-01-23T16:19:00Z,,"Fuel overflow during vessel bunkering; absorbent pads applied, transfer halted.",47.62381,-122.16401,"Lake Washington, Bellevue",Lake Washington,King,Fresh Water,Bunker C (No. 6 fuel oil),4.0,0.4,Vessel,North Sound Excavation,Closed
ERTS-2020-001441,2020-10-06T11:34:00Z,,Recreational vessel reported taking on water; visible sheen at marina slip.,47.23264,-122.43831,"Commencement Bay, Tacoma",Commencement Bay,Pierce,Land,Oily bilge water,3.7,1.2,Vessel,Columbia Basin Transport,Closed
ERTS-2020-001442,2020-09-14T16:32:00Z,,Tank overfill alarm failure led to release at bulk fuel facility; vacuum truck dispatched.,47.03010,-120.58671,"I-90, Ellensburg",,Kittitas,Land,Bunker C (No. 6 fuel oil),1681.1,,Facility,Cascadia Marine Services LLC,Closed
ERTS-2020-001446,2020-08-08T15:30:00Z,2020-08-07T08:18:00Z,Tank overfill alarm failure led to release at bulk fuel facility; vacuum truck dispatched.,46.94565,-120.56842,"I-90, Ellensburg",,Kittitas,Land,Untreated wastewater,39.1,,Facility,,Closed
ERTS-2020-001450,2020-12-11T08:14:00Z,,Sheen observed alongside moored oily bilge water source vessel; boom deployed by responding crew.,48.50322,-122.56785,"March Point, Anacortes",Fidalgo Bay,Skagit,Marine Water,Oily bilge water,0.3,0.2,Vessel,Evergreen Freight Lines,Referred To Other Agency
ERTS-2020-001452,2020-08-03T11:56:00Z,,"Fuel overflow during vessel bunkering; absorbent pads applied, transfer halted.",47.60337,-122.38462,"Harbor Island, Seattle",Duwamish Waterway,King,Marine Water,Hydraulic oil,0.9,0.6,Vessel,Selkirk Rail Services,Closed
ERTS-2020-001457,2020-04-24T16:01:00Z,2020-04-23T21:17:00Z,Tank overfill alarm failure led to release at bulk fuel facility; vacuum truck dispatched.,48.82328,-122.74606,"Cherry Point, Ferndale",Strait of Georgia,Whatcom,Marine Water,Diesel fuel,49.6,,Facility,Olympic Peninsula Logging Co.,Closed
ERTS-2020-001463,2020-04-02T11:00:00Z,,"Fuel overflow during vessel bunkering; absorbent pads applied, transfer halted.",46.19995,-119.15427,Kennewick,Columbia River,Benton,Land,Hydraulic oil,409.5,173.2,Vessel,,Closed
ERTS-2020-001466,2020-04-28T17:56:00Z,2020-04-26T23:21:00Z,Sheen observed alongside moored oily bilge water source vessel; boom deployed by responding crew.,47.94934,-122.26288,"Port Gardner, Everett",Port Gardner Bay,Snohomish,Marine Water,Oily bilge water,,,Vessel,Puget Terminal Operations LLC,Closed
ERTS-2020-001471,2020-03-07T16:02:00Z,,Passerby reported petroleum odor and discoloration; no source located.,,,Port Angeles Harbor,Strait of Juan de Fuca,Clallam,Marine Water,Diesel fuel,1067.3,571.4,Unknown,,Closed
ERTS-2020-001476,2020-09-22T09:22:00Z,2020-09-20T20:38:00Z,Transfer line drip at terminal loading rack; contained within secondary containment.,46.96147,-120.56804,"I-90, Ellensburg",,Kittitas,Groundwater,Untreated wastewater,,,Facility,,Closed
ERTS-2020-001482,2020-04-22T08:01:00Z,,Stormwater outfall sheen traced to facility oil-water separator bypass.,46.96829,-123.84336,"Grays Harbor, Aberdeen",Grays Harbor,Grays Harbor,Marine Water,Bunker C (No. 6 fuel oil),,,Facility,Selkirk Rail Services,Closed
ERTS-2020-001484,2020-11-04T11:45:00Z,,Overturned tanker trailer released product to highway shoulder; lanes closed during cleanup.,45.63795,-122.63983,Vancouver waterfront,Columbia River,Clark,Fresh Water,Hydraulic oil,43.0,23.0,Vehicle,Cascadia Marine Services LLC,Closed
ERTS-2020-001490,2020-01-02T07:28:00Z,2020-01-02T01:11:00Z,Reported sheen of unknown origin; source investigation ongoing.,47.42261,-120.27469,Wenatchee,Columbia River,Chelan,Groundwater,Mystery sheen,0.7,0.3,Unknown,Unknown,Closed
ERTS-2020-001493,2020-05-25T07:35:00Z,2020-05-24T19:43:00Z,Reported sheen of unknown origin; source investigation ongoing.,,,"Port Gardner, Everett",Port Gardner Bay,Snohomish,Marine Water,Mystery sheen,2.6,,Unknown,,Closed
ERTS-2020-001497,2020-01-25T11:58:00Z,2020-01-23T14:59:00Z,Sheen observed alongside moored hydraulic oil source vessel; boom deployed by responding crew.,48.49963,-122.59072,"March Point, Anacortes",Fidalgo Bay,Skagit,Marine Water,Hydraulic oil,3.4,,Vessel,Selkirk Rail Services,Closed
ERTS-2020-001499,2020-01-29T18:36:00Z,2020-01-28T20:44:00Z,Sheen observed alongside moored diesel fuel source vessel; boom deployed by responding crew.,46.26601,-124.03432,Ilwaco,Columbia River,Pacific,Marine Water,Diesel fuel,,,Vessel,,Closed
ERTS-2020-001505,2020-09-24T12:24:00Z,2020-09-22T15:35:00Z,Mystery sheen observed by ferry crew; drift modeling requested.,48.50078,-122.99954,Friday Harbor,San Juan Channel,San Juan,Marine Water,Diesel fuel,0.7,0.6,Unknown,Unknown,Closed
ERTS-2020-001509,2020-01-11T14:15:00Z,2020-01-11T05:58:00Z,Tank overfill alarm failure led to release at bulk fuel facility; vacuum truck dispatched.,48.10546,-123.47369,Port Angeles Harbor,Strait of Juan de Fuca,Clallam,Land,Diesel fuel,2.1,0.3,Facility,Olympic Peninsula Logging Co.,Closed
ERTS-2020-001510,2020-06-11T10:47:00Z,2020-06-10T10:03:00Z,Pressure drop triggered line shutdown; product released at valve station.,48.77059,-122.48666,Bellingham Bay,Bellingham Bay,Whatcom,Marine Water,Diesel fuel,,,Pipeline,Puget Terminal Operations LLC,Closed
ERTS-2020-001511,2020-03-06T15:34:00Z,,Fuel tank rupture after vehicle left roadway; contaminated soil excavated.,47.03074,-120.56296,"I-90, Ellensburg",,Kittitas,Land,Diesel fuel,,,Vehicle,Evergreen Freight Lines,Closed
ERTS-2020-001515,2020-12-26T08:35:00Z,2020-12-25T11:18:00Z,Transfer line drip at terminal loading rack; contained within secondary containment.,45.70666,-121.87744,"SR-14, Skamania",Columbia River,Skamania,Groundwater,Bunker C (No. 6 fuel oil),4.1,0.7,Facility,Selkirk Rail Services,Closed
ERTS-2020-001520,2020-09-27T19:35:00Z,,Rail car fitting leak discovered during yard inspection; drip pans placed.,46.63985,-120.52909,Yakima River,Yakima River,Yakima,Fresh Water,Diesel fuel,4.2,0.2,Rail Car,Puget Terminal Operations LLC,Closed
ERTS-2020-001522,2020-05-23T09:40:00Z,,Mystery sheen observed by ferry crew; drift modeling requested.,47.97288,-122.22199,"Port Gardner, Everett",Port Gardner Bay,Snohomish,Marine Water,Diesel fuel,4.0,,Unknown,,Closed
ERTS-2020-001524,2020-09-14T06:52:00Z,2020-09-13T15:45:00Z,Fuel tank rupture after vehicle left roadway; contaminated soil excavated.,47.58982,-122.18984,"Lake Washington, Bellevue",Lake Washington,King,Fresh Water,Antifreeze (ethylene glycol),4.1,0.6,Vehicle,Chinook Petroleum Distributors,Closed
ERTS-2020-001526,2020-12-06T08:20:00Z,,"Fuel overflow during vessel bunkering; absorbent pads applied, transfer halted.",47.04692,-122.90269,"Budd Inlet, Olympia",Budd Inlet,Thurston,Marine Water,Diesel fuel,32.2,,Vessel,Chinook Petroleum Distributors,Closed
ERTS-2020-001531,2020-08-28T17:33:00Z,2020-08-27T04:35:00Z,Sheen observed alongside moored oily bilge water source vessel; boom deployed by responding crew.,48.51438,-123.03375,Friday Harbor,San Juan Channel,San Juan,Land,Oily bilge water,36.1,11.2,Vessel,Cascadia Marine Services LLC,Closed
ERTS-2020-001535,2020-10-11T13:51:00Z,2020-10-10T16:04:00Z,Fishing vessel bilge discharge produced intermittent sheen near dock.,47.05869,-122.90940,"Budd Inlet, Olympia",Budd Inlet,Thurston,Marine Water,Gasoline,,,Vessel,Orca Bay Seafoods Processing,Closed
ERTS-2020-001536,2020-11-25T07:39:00Z,2020-11-25T03:37:00Z,Passerby reported petroleum odor and discoloration; no source located.,47.93709,-122.24801,"Port Gardner, Everett",Port Gardner Bay,Snohomish,Marine Water,Mystery sheen,6.7,4.3,Unknown,,Closed
ERTS-2020-001538,2020-10-06T14:02:00Z,2020-10-06T02:04:00Z,Mystery sheen observed by ferry crew; drift modeling requested.,45.59315,-122.64556,Vancouver waterfront,Columbia River,Clark,Land,Unknown oil sheen,22.4,18.1,Unknown,,Closed
ERTS-2020-001544,2020-03-17T06:10:00Z,,Overturned tanker trailer released product to highway shoulder; lanes closed during cleanup.,47.01205,-120.55200,"I-90, Ellensburg",,Kittitas,Land,Gasoline,38.2,8.2,Vehicle,Orca Bay Seafoods Processing,Closed
ERTS-2020-001545,2020-09-11T06:02:00Z,2020-09-10T20:03:00Z,Rail car fitting leak discovered during yard inspection; drip pans placed.,46.70612,-122.98315,"I-5 corridor, Centralia",,Lewis,Land,Diesel fuel,4.7,0.5,Rail Car,Chinook Petroleum Distributors,Closed
ERTS-2020-001549,2020-07-08T08:47:00Z,,Recreational vessel reported taking on water; visible sheen at marina slip.,48.83788,-122.74404,"Cherry Point, Ferndale",Strait of Georgia,Whatcom,Marine Water,Diesel fuel,0.4,,Vessel,,Closed
ERTS-2020-001553,2020-05-02T12:13:00Z,2020-05-02T06:27:00Z,Overturned tanker trailer released product to highway shoulder; lanes closed during cleanup.,47.01623,-120.52623,"I-90, Ellensburg",,Kittitas,Groundwater,Hydraulic oil,31.0,6.7,Vehicle,Rainier Towing & Barge Co.,Closed
ERTS-2020-001559,2020-11-23T15:12:00Z,,Transfer line drip at terminal loading rack; contained within secondary containment.,48.70037,-122.47919,Bellingham Bay,Bellingham Bay,Whatcom,Marine Water,Sodium hydroxide solution,2.8,0.0,Facility,Olympic Peninsula Logging Co.,Closed
ERTS-2020-001561,2020-04-22T15:35:00Z,2020-04-21T18:36:00Z,Mystery sheen observed by ferry crew; drift modeling requested.,47.27085,-122.39482,"Commencement Bay, Tacoma",Commencement Bay,Pierce,Marine Water,Diesel fuel,1.0,0.4,Unknown,Unknown,Closed
ERTS-2020-001564,2020-10-05T12:33:00Z,,"Fuel overflow during vessel bunkering; absorbent pads applied, transfer halted.",47.61280,-122.31125,"Harbor Island, Seattle",Duwamish Waterway,King,Marine Water,Lube oil,320.2,44.7,Vessel,Pacific Crest Fuels Inc.,Closed
ERTS-2020-001567,2020-06-15T16:53:00Z,2020-06-14T20:02:00Z,Tank overfill alarm failure led to release at bulk fuel facility; vacuum truck dispatched.,45.59112,-122.65250,Vancouver waterfront,Columbia River,Clark,Fresh Water,Jet fuel (Jet-A),186.8,,Facility,Orca Bay Seafoods Processing,Closed
ERTS-2020-001568,2020-03-02T14:43:00Z,,Recreational vessel reported taking on water; visible sheen at marina slip.,48.84665,-122.70059,"Cherry Point, Ferndale",Strait of Georgia,Whatcom,Marine Water,Diesel fuel,0.9,0.2,Vessel,Cascadia Marine Services LLC,Closed
ERTS-2020-001571,2020-11-09T07:57:00Z,2020-11-08T10:33:00Z,"Fuel overflow during vessel bunkering; absorbent pads applied, transfer halted.",,,"Port Gardner, Everett",Port Gardner Bay,Snohomish,Marine Water,Oily bilge water,0.6,,Vessel,Salish Sea Charters,Closed
ERTS-2020-001575,2020-01-07T10:31:00Z,2020-01-06T16:11:00Z,Reported sheen of unknown origin; source investigation ongoing.,,,Friday Harbor,San Juan Channel,San Juan,Marine Water,Mystery sheen,376.6,326.0,Unknown,,Closed
ERTS-2020-001578,2020-08-09T12:59:00Z,,"Fuel overflow during vessel bunkering; absorbent pads applied, transfer halted.",47.58858,-122.30707,"Harbor Island, Seattle",Duwamish Waterway,King,Marine Water,Diesel fuel,451.6,399.4,Vessel,Evergreen Freight Lines,Closed
ERTS-2020-001584,2020-10-25T12:22:00Z,2020-10-25T06:41:00Z,Valve gasket failure during product transfer; spill contained on paved apron.,48.54869,-122.99562,Friday Harbor,San Juan Channel,San Juan,Land,Bunker C (No. 6 fuel oil),8689.7,7673.2,Facility,Pacific Crest Fuels Inc.,Closed
ERTS-2020-001590,2020-05-18T19:13:00Z,,Hydraulic line failure on excavator released fluid to gravel staging area.,46.20260,-119.15197,Kennewick,Columbia River,Benton,Groundwater,Diesel fuel,41.0,,Vehicle,Puget Terminal Operations LLC,Closed
ERTS-2020-001593,2020-10-01T14:06:00Z,2020-09-30T15:27:00Z,Valve gasket failure during product transfer; spill contained on paved apron.,,,"Budd Inlet, Olympia",Budd Inlet,Thurston,Marine Water,Diesel fuel,3.0,1.7,Facility,North Sound Excavation,Referred To Other Agency
ERTS-2020-001596,2020-02-10T08:35:00Z,,Rail car fitting leak discovered during yard inspection; drip pans placed.,46.58778,-120.49700,Yakima River,Yakima River,Yakima,Fresh Water,Lube oil,51.5,14.1,Rail Car,,Closed
ERTS-2020-001598,2020-04-28T10:42:00Z,2020-04-27T05:27:00Z,Sheen observed alongside moored oily bilge water source vessel; boom deployed by responding crew.,46.16665,-122.97945,Longview,Columbia River,Cowlitz,Fresh Water,Oily bilge water,31.8,0.3,Vessel,,Closed
ERTS-2020-001601,2020-09-22T09:19:00Z,2020-09-21T09:05:00Z,Valve gasket failure during product transfer; spill contained on paved apron.,46.24901,-119.17068,Kennewick,Columbia River,Benton,Land,Diesel fuel,,,Facility,,Referred To Other Agency
ERTS-2020-001607,2020-10-17T18:02:00Z,2020-10-17T13:06:00Z,Transfer line drip at terminal loading rack; contained within secondary containment.,47.57640,-122.33195,"Harbor Island, Seattle",Duwamish Waterway,King,Marine Water,Bunker C (No. 6 fuel oil),2.4,1.8,Facility,Cascadia Marine Services LLC,Closed
ERTS-2020-001611,2020-08-06T15:28:00Z,,Sheen observed alongside moored diesel fuel source vessel; boom deployed by responding crew.,47.58575,-122.59952,"Sinclair Inlet, Bremerton",Sinclair Inlet,Kitsap,Marine Water,Diesel fuel,0.4,,Vessel,Puget Terminal Operations LLC,Closed
ERTS-2020-001617,2020-05-24T10:14:00Z,2020-05-23T04:19:00Z,Passerby reported petroleum odor and discoloration; no source located.,47.31066,-122.38107,"Commencement Bay, Tacoma",Commencement Bay,Pierce,Marine Water,Unknown oil sheen,36.0,,Unknown,Unknown,Closed
ERTS-2020-001618,2020-08-21T07:10:00Z,,Mystery sheen observed by ferry crew; drift modeling requested.,45.64041,-122.65788,Vancouver waterfront,Columbia River,Clark,Land,Diesel fuel,18.4,8.5,Unknown,,Closed
ERTS-2020-001619,2020-11-20T18:37:00Z,2020-11-19T22:31:00Z,Hydraulic line failure on excavator released fluid to gravel staging area.,46.18047,-119.10357,Kennewick,Columbia River,Benton,Land,Antifreeze (ethylene glycol),4.7,,Vehicle,Cascadia Marine Services LLC,Closed
ERTS-2020-001620,2020-10-23T09:52:00Z,2020-10-22T03:09:00Z,Mystery sheen observed by ferry crew; drift modeling requested.,45.62330,-122.70267,Vancouver waterfront,Columbia River,Clark,Groundwater,Unknown oil sheen,2.2,0.1,Unknown,,Referred To Other Agency
ERTS-2020-001622,2020-05-20T16:47:00Z,2020-05-19T00:58:00Z,Hydraulic line failure on excavator released fluid to gravel staging area.,46.70221,-122.98426,"I-5 corridor, Centralia",,Lewis,Land,Antifreeze (ethylene glycol),49.6,10.6,Vehicle,,Closed
ERTS-2020-001627,2020-08-24T11:36:00Z,2020-08-24T04:48:00Z,Fishing vessel bilge discharge produced intermittent sheen near dock.,47.24991,-122.41037,"Commencement Bay, Tacoma",Commencement Bay,Pierce,Marine Water,Diesel fuel,4.3,2.0,Vessel,North Sound Excavation,Closed
ERTS-2020-001628,2020-01-03T08:24:00Z,2020-01-02T14:54:00Z,Sheen observed alongside moored diesel fuel source vessel; boom deployed by responding crew.,47.60648,-122.34730,"Harbor Island, Seattle",Duwamish Waterway,King,Marine Water,Diesel fuel,4.6,0.2,Vessel,Selkirk Rail Services,Referred To Other Agency
ERTS-2020-001629,2020-08-19T12:25:00Z,2020-08-18T04:01:00Z,Fuel tank rupture after vehicle left roadway; contaminated soil excavated.,46.96790,-120.50595,"I-90, Ellensburg",,Kittitas,Land,Gasoline,,,Vehicle,Rainier Towing & Barge Co.,Closed
ERTS-2020-001634,2020-05-26T06:45:00Z,2020-05-25T03:04:00Z,Overturned tanker trailer released product to highway shoulder; lanes closed during cleanup.,47.62222,-122.15823,"Lake Washington, Bellevue",Lake Washington,King,Land,Antifreeze (ethylene glycol),2.4,,Vehicle,Unknown,Closed
ERTS-2020-001639,2020-11-23T13:33:00Z,2020-11-22T12:35:00Z,Locomotive fuel tank seep along mainline; ballast contamination noted.,45.60137,-122.62517,Vancouver waterfront,Columbia River,Clark,Fresh Water,Diesel fuel,1.6,1.0,Rail Car,,Closed
ERTS-2020-001641,2020-12-18T07:34:00Z,2020-12-16T21:09:00Z,Fishing vessel bilge discharge produced intermittent sheen near dock.,48.76933,-122.49787,Bellingham Bay,Bellingham Bay,Whatcom,Marine Water,Hydraulic oil,4.1,3.5,Vessel,Olympic Peninsula Logging Co.,Closed
ERTS-2020-001643,2020-07-27T06:48:00Z,2020-07-25T17:58:00Z,Transfer line drip at terminal loading rack; contained within secondary containment.,46.74603,-122.96271,"I-5 corridor, Centralia",,Lewis,Land,Untreated wastewater,0.2,0.2,Facility,North Sound Excavation,Closed
ERTS-2020-001649,2020-05-16T15:44:00Z,2020-05-15T03:15:00Z,"Fuel overflow during vessel bunkering; absorbent pads applied, transfer halted.",48.51307,-122.60372,"March Point, Anacortes",Fidalgo Bay,Skagit,Marine Water,Hydraulic oil,3.4,,Vessel,Orca Bay Seafoods Processing,Closed
ERTS-2020-001650,2020-02-16T17:39:00Z,2020-02-15T17:52:00Z,Sheen observed alongside moored oily bilge water source vessel; boom deployed by responding crew.,46.14038,-122.91067,Longview,Columbia River,Cowlitz,Land,Oily bilge water,0.3,,Vessel,Orca Bay Seafoods Processing,Closed
ERTS-2020-001652,2020-10-01T08:10:00Z,2020-10-01T07:44:00Z,Recreational vessel reported taking on water; visible sheen at marina slip.,48.02261,-122.26395,"Port Gardner, Everett",Port Gardner Bay,Snohomish,Marine Water,Bunker C (No. 6 fuel oil),30.7,7.3,Vessel,Orca Bay Seafoods Processing,Closed
ERTS-2020-001653,2020-04-25T14:28:00Z,2020-04-24T18:09:00Z,Reported sheen of unknown origin; source investigation ongoing.,47.11503,-119.26725,Moses Lake,Moses Lake,Grant,Fresh Water,Mystery sheen,3.7,1.1,Unknown,,Closed
ERTS-2020-001657,2020-09-27T18:36:00Z,,Transfer line drip at terminal loading rack; contained within secondary containment.,48.02194,-122.24723,"Port Gardner, Everett",Port Gardner Bay,Snohomish,Marine Water,Crude oil,3199.8,1228.9,Facility,,Closed
ERTS-2020-001663,2020-11-19T15:37:00Z,2020-11-18T19:23:00Z,Sheen observed alongside moored hydraulic oil source vessel; boom deployed by responding crew.,48.74444,-122.51104,Bellingham Bay,Bellingham Bay,Whatcom,Marine Water,Hydraulic oil,4.5,0.4,Vessel,,Closed
ERTS-2020-001666,2020-03-06T17:22:00Z,2020-03-05T03:11:00Z,"Fuel overflow during vessel bunkering; absorbent pads applied, transfer halted.",47.60911,-122.35619,"Harbor Island, Seattle",Duwamish Waterway,King,Marine Water,Hydraulic oil,,,Vessel,Cascadia Marine Services LLC,Closed
ERTS-2020-001671,2020-10-29T19:22:00Z,,"Fuel overflow during vessel bunkering; absorbent pads applied, transfer halted.",47.23603,-122.45429,"Commencement Bay, Tacoma",Commencement Bay,Pierce,Marine Water,Hydraulic oil,215.9,,Vessel,Puget Terminal Operations LLC,Closed
ERTS-2020-001676,2020-11-04T08:15:00Z,,Sheen observed alongside moored gasoline source vessel; boom deployed by responding crew.,47.30521,-122.37587,"Commencement Bay, Tacoma",Commencement Bay,Pierce,Marine Water,Gasoline,5768.1,296.4,Vessel,,Referred To Other Agency
ERTS-2021-001018,2021-02-19T16:10:00Z,,Overturned tanker trailer released product to highway shoulder; lanes closed during cleanup.,46.97110,-120.56529,"I-90, Ellensburg",,Kittitas,Land,Gasoline,3.0,0.9,Vehicle,Rainier Towing & Barge Co.,Closed
ERTS-2021-001020,2021-04-15T14:40:00Z,2021-04-14T10:21:00Z,Recreational vessel reported taking on water; visible sheen at marina slip.,47.97894,-122.25898,"Port Gardner, Everett",Port Gardner Bay,Snohomish,Marine Water,Hydraulic oil,0.5,0.2,Vessel,Olympic Peninsula Logging Co.,Closed
ERTS-2021-001023,2021-11-17T16:06:00Z,2021-11-17T12:28:00Z,Reported sheen of unknown origin; source investigation ongoing.,45.64031,-122.64722,Vancouver waterfront,Columbia River,Clark,Fresh Water,Unknown oil sheen,19.0,8.1,Unknown,,Closed
ERTS-2021-001029,2021-06-07T12:33:00Z,2021-06-06T05:43:00Z,Mystery sheen observed by ferry crew; drift modeling requested.,46.57137,-120.53853,Yakima River,Yakima River,Yakima,Fresh Water,Unknown oil sheen,,,Unknown,,Referred To Other Agency
ERTS-2021-001034,2021-11-13T07:07:00Z,2021-11-11T22:10:00Z,Tank overfill alarm failure led to release at bulk fuel facility; vacuum truck dispatched.,47.08843,-122.91012,"Budd Inlet, Olympia",Budd Inlet,Thurston,Marine Water,Untreated wastewater,1.6,0.0,Facility,Cascadia Marine Services LLC,Closed
ERTS-2021-001040,2021-11-16T06:54:00Z,,Stormwater outfall sheen traced to facility oil-water separator bypass.,47.00209,-120.53564,"I-90, Ellensburg",,Kittitas,Land,Crude oil,2.9,,Facility,Pacific Crest Fuels Inc.,Closed
ERTS-2021-001044,2021-05-27T06:02:00Z,2021-05-26T07:12:00Z,Stormwater outfall sheen traced to facility oil-water separator bypass.,47.53496,-122.58194,"Sinclair Inlet, Bremerton",Sinclair Inlet,Kitsap,Marine Water,Diesel fuel,3.6,,Facility,Cascadia Marine Services LLC,Referred To Other Agency
ERTS-2021-001046,2021-10-09T11:55:00Z,2021-10-08T23:12:00Z,Sheen observed alongside moored gasoline source vessel; boom deployed by responding crew.,48.13738,-123.41805,Port Angeles Harbor,Strait of Juan de Fuca,Clallam,Marine Water,Gasoline,279.5,14.9,Vessel,Rainier Towing & Barge Co.,Closed
ERTS-2021-001047,2021-01-31T17:45:00Z,2021-01-29T21:52:00Z,Hydraulic line failure on excavator released fluid to gravel staging area.,47.00214,-120.54010,"I-90, Ellensburg",,Kittitas,Air,Motor oil,2.4,,Vehicle,Orca Bay Seafoods Processing,Closed
ERTS-2021-001050,2021-04-30T13:28:00Z,2021-04-28T18:55:00Z,Fishing vessel bilge discharge produced intermittent sheen near dock.,48.53044,-122.97722,Friday Harbor,San Juan Channel,San Juan,Marine Water,Hydraulic oil,1.3,0.7,Vessel,North Sound Excavation,Closed
ERTS-2021-001054,2021-06-02T16:37:00Z,2021-06-01T15:03:00Z,Mystery sheen observed by ferry crew; drift modeling requested.,47.07603,-122.93260,"Budd Inlet, Olympia",Budd Inlet,Thurston,Land,Mystery sheen,1.4,1.0,Unknown,,Closed
ERTS-2021-001056,2021-02-13T10:50:00Z,2021-02-12T18:20:00Z,Mystery sheen observed by ferry crew; drift modeling requested.,47.06747,-122.89349,"Budd Inlet, Olympia",Budd Inlet,Thurston,Marine Water,Mystery sheen,2.7,,Unknown,,Closed
ERTS-2021-001059,2021-12-19T06:49:00Z,2021-12-18T19:26:00Z,Transfer line drip at terminal loading rack; contained within secondary containment.,46.23078,-119.09598,Kennewick,Columbia River,Benton,Fresh Water,Crude oil,2.5,0.8,Facility,Chinook Petroleum Distributors,Closed
ERTS-2021-001064,2021-02-07T15:54:00Z,2021-02-06T06:04:00Z,Recreational vessel reported taking on water; visible sheen at marina slip.,48.72951,-122.46964,Bellingham Bay,Bellingham Bay,Whatcom,Marine Water,Diesel fuel,1.4,1.0,Vessel,Rainier Towing & Barge Co.,Closed
ERTS-2021-001068,2021-05-28T17:54:00Z,2021-05-27T11:46:00Z,Passerby reported petroleum odor and discoloration; no source located.,47.20146,-123.09489,"Oakland Bay, Shelton",Oakland Bay,Mason,Land,Unknown oil sheen,1.1,,Unknown,Unknown,Closed
ERTS-2021-001074,2021-09-26T13:12:00Z,,Valve gasket failure during product transfer; spill contained on paved apron.,47.28538,-122.42182,"Commencement Bay, Tacoma",Commencement Bay,Pierce,Marine Water,Crude oil,11.2,7.8,Facility,Selkirk Rail Services,Closed
ERTS-2021-001078,2021-07-28T19:28:00Z,2021-07-27T18:46:00Z,Recreational vessel reported taking on water; visible sheen at marina slip.,47.52228,-122.58389,"Sinclair Inlet, Bremerton",Sinclair Inlet,Kitsap,Marine Water,Gasoline,29.3,15.2,Vessel,Orca Bay Seafoods Processing,Closed
ERTS-2021-001083,2021-02-11T11:32:00Z,2021-02-10T18:03:00Z,Valve gasket failure during product transfer; spill contained on paved apron.,46.96618,-123.80263,"Grays Harbor, Aberdeen",Grays Harbor,Grays Harbor,Marine Water,Crude oil,3.7,,Facility,Chinook Petroleum Distributors,Closed
ERTS-2021-001088,2021-03-16T17:36:00Z,2021-03-14T20:16:00Z,Passerby reported petroleum odor and discoloration; no source located.,47.16475,-119.32413,Moses Lake,Moses Lake,Grant,Fresh Water,Mystery sheen,42.1,7.9,Unknown,,Closed
ERTS-2021-001093,2021-07-24T13:51:00Z,2021-07-23T12:28:00Z,Recreational vessel reported taking on water; visible sheen at marina slip.,47.56709,-122.36715,"Harbor Island, Seattle",Duwamish Waterway,King,Marine Water,Diesel fuel,258.2,175.3,Vessel,Pacific Crest Fuels Inc.,Closed
ERTS-2021-001097,2021-10-15T12:07:00Z,2021-10-13T13:42:00Z,Overturned tanker trailer released product to highway shoulder; lanes closed during cleanup.,46.21560,-119.13894,Kennewick,Columbia River,Benton,Land,Motor oil,5.0,0.9,Vehicle,Olympic Peninsula Logging Co.,Closed
ERTS-2021-001102,2021-11-30T10:49:00Z,2021-11-29T01:09:00Z,Transfer line drip at terminal loading rack; contained within secondary containment.,47.22795,-122.39392,"Commencement Bay, Tacoma",Commencement Bay,Pierce,Marine Water,Bunker C (No. 6 fuel oil),24.1,2.9,Facility,Pacific Crest Fuels Inc.,Closed
ERTS-2021-001105,2021-11-13T10:29:00Z,2021-11-11T20:52:00Z,Fuel tank rupture after vehicle left roadway; contaminated soil excavated.,46.11478,-122.91634,Longview,Columbia River,Cowlitz,Fresh Water,Diesel fuel,255.9,167.2,Vehicle,Evergreen Freight Lines,Closed
ERTS-2021-001109,2021-03-20T08:50:00Z,2021-03-19T20:49:00Z,Mystery sheen observed by ferry crew; drift modeling requested.,48.83852,-122.72834,"Cherry Point, Ferndale",Strait of Georgia,Whatcom,Marine Water,Mystery sheen,7752.5,4773.9,Unknown,Unknown,Closed
ERTS-2021-001115,2021-08-16T06:57:00Z,2021-08-14T16:44:00Z,Hydraulic line failure on excavator released fluid to gravel staging area.,47.70356,-117.39334,Spokane River,Spokane River,Spokane,Fresh Water,Diesel fuel,5.0,,Vehicle,Pacific Crest Fuels Inc.,Closed
ERTS-2021-001118,2021-03-27T08:05:00Z,,Tank overfill alarm failure led to release at bulk fuel facility; vacuum truck dispatched.,47.59768,-122.30760,"Harbor Island, Seattle",Duwamish Waterway,King,Marine Water,Jet fuel (Jet-A),4688.5,718.2,Facility,,Closed
ERTS-2021-001121,2021-09-07T16:24:00Z,,Mystery sheen observed by ferry crew; drift modeling requested.,47.06480,-122.93744,"Budd Inlet, Olympia",Budd Inlet,Thurston,Marine Water,Diesel fuel,3.7,,Unknown,Unknown,Closed
ERTS-2021-001122,2021-05-03T15:01:00Z,,Overturned tanker trailer released product to highway shoulder; lanes closed during cleanup.,46.64327,-120.55450,Yakima River,Yakima River,Yakima,Land,Antifreeze (ethylene glycol),1.5,0.0,Vehicle,Cascadia Marine Services LLC,Closed
ERTS-2021-001128,2021-03-27T06:26:00Z,2021-03-26T01:49:00Z,Fishing vessel bilge discharge produced intermittent sheen near dock.,46.96116,-123.81093,"Grays Harbor, Aberdeen",Grays Harbor,Grays Harbor,Marine Water,Hydraulic oil,34.0,,Vessel,Olympic Peninsula Logging Co.,Closed
ERTS-2021-001132,2021-10-28T09:51:00Z,2021-10-28T00:55:00Z,Transfer line drip at terminal loading rack; contained within secondary containment.,48.81702,-122.74958,"Cherry Point, Ferndale",Strait of Georgia,Whatcom,Marine Water,Diesel fuel,4.8,3.6,Facility,Rainier Towing & Barge Co.,Closed
ERTS-2021-001138,2021-09-04T15:05:00Z,2021-09-04T09:45:00Z,Passerby reported petroleum odor and discoloration; no source located.,45.61843,-122.69358,Vancouver waterfront,Columbia River,Clark,Fresh Water,Diesel fuel,1.5,0.8,Unknown,,Closed
ERTS-2021-001143,2021-05-23T19:12:00Z,2021-05-22T22:40:00Z,Recreational vessel reported taking on water; visible sheen at marina slip.,47.23287,-123.09743,"Oakland Bay, Shelton",Oakland Bay,Mason,Marine Water,Lube oil,3.1,1.9,Vessel,Chinook Petroleum Distributors,Closed
ERTS-2021-001144,2021-09-17T07:39:00Z,2021-09-15T21:18:00Z,Semi-truck saddle tank punctured in collision; fuel reached roadside ditch.,46.14072,-122.96816,Longview,Columbia River,Cowlitz,Fresh Water,Diesel fuel,0.2,0.0,Vehicle,North Sound Excavation,Closed
ERTS-2021-001148,2021-08-15T14:32:00Z,2021-08-14T06:32:00Z,Valve gasket failure during product transfer; spill contained on paved apron.,47.09956,-122.94283,"Budd Inlet, Olympia",Budd Inlet,Thurston,Marine Water,Crude oil,12.6,,Facility,Salish Sea Charters,Closed
ERTS-2021-001152,2021-07-08T09:26:00Z,2021-07-06T18:41:00Z,Mystery sheen observed by ferry crew; drift modeling requested.,47.67867,-117.38345,Spokane River,Spokane River,Spokane,Fresh Water,Mystery sheen,0.5,0.2,Unknown,,Closed
ERTS-2021-001157,2021-07-11T15:56:00Z,2021-07-10T02:27:00Z,Reported sheen of unknown origin; source investigation ongoing.,48.53251,-122.59476,"March Point, Anacortes",Fidalgo Bay,Skagit,Marine Water,Mystery sheen,,,Unknown,,Closed
ERTS-2021-001158,2021-12-06T10:32:00Z,2021-12-05T22:40:00Z,Stormwater outfall sheen traced to facility oil-water separator bypass.,46.10791,-122.91712,Longview,Columbia River,Cowlitz,Fresh Water,Jet fuel (Jet-A),26.1,1.8,Facility,,Closed
ERTS-2021-001161,2021-01-24T09:40:00Z,2021-01-23T20:10:00Z,Stormwater outfall sheen traced to facility oil-water separator bypass.,,,Port Townsend,Admiralty Inlet,Jefferson,Marine Water,Bunker C (No. 6 fuel oil),5.9,,Facility,Olympic Peninsula Logging Co.,Referred To Other Agency
ERTS-2021-001164,2021-08-21T13:11:00Z,2021-08-20T05:52:00Z,Fishing vessel bilge discharge produced intermittent sheen near dock.,47.57149,-122.21560,"Lake Washington, Bellevue",Lake Washington,King,Fresh Water,Hydraulic oil,3.9,0.7,Vessel,Olympic Peninsula Logging Co.,Closed
ERTS-2021-001165,2021-05-17T12:53:00Z,2021-05-17T07:12:00Z,Fishing vessel bilge discharge produced intermittent sheen near dock.,47.22725,-122.46414,"Commencement Bay, Tacoma",Commencement Bay,Pierce,Marine Water,Oily bilge water,,,Vessel,Unknown,Closed
ERTS-2021-001169,2021-06-11T17:11:00Z,,Overturned tanker trailer released product to highway shoulder; lanes closed during cleanup.,47.62082,-119.91700,"US-2, Douglas County",,Douglas,Air,Diesel fuel,3.5,0.5,Vehicle,Cascadia Marine Services LLC,Referred To Other Agency
ERTS-2021-001171,2021-11-26T19:14:00Z,2021-11-26T07:00:00Z,Stormwater outfall sheen traced to facility oil-water separator bypass.,47.63394,-117.40332,Spokane River,Spokane River,Spokane,Land,Sodium hydroxide solution,0.8,,Facility,Cascadia Marine Services LLC,Closed
ERTS-2021-001175,2021-06-30T15:18:00Z,2021-06-30T13:11:00Z,Reported sheen of unknown origin; source investigation ongoing.,47.56129,-122.63539,"Sinclair Inlet, Bremerton",Sinclair Inlet,Kitsap,Marine Water,Diesel fuel,24.5,18.4,Unknown,Unknown,Closed
ERTS-2021-001180,2021-04-21T06:20:00Z,,Hydraulic line failure on excavator released fluid to gravel staging area.,46.69479,-122.90917,"I-5 corridor, Centralia",,Lewis,Land,Motor oil,,,Vehicle,Puget Terminal Operations LLC,Closed
ERTS-2021-001181,2021-03-15T08:09:00Z,2021-03-13T14:23:00Z,Hydraulic line failure on excavator released fluid to gravel staging area.,46.60970,-120.53262,Yakima River,Yakima River,Yakima,Fresh Water,Diesel fuel,0.4,0.1,Vehicle,North Sound Excavation,Closed
ERTS-2021-001184,2021-02-08T07:14:00Z,2021-02-08T00:54:00Z,Tank overfill alarm failure led to release at bulk fuel facility; vacuum truck dispatched.,47.28377,-122.41636,"Commencement Bay, Tacoma",Commencement Bay,Pierce,Marine Water,Bunker C (No. 6 fuel oil),0.8,0.5,Facility,Cascadia Marine Services LLC,Closed
ERTS-2021-001187,2021-02-06T08:11:00Z,2021-02-04T16:03:00Z,"Fuel overflow during vessel bunkering; absorbent pads applied, transfer halted.",47.60589,-122.30803,"Harbor Island, Seattle",Duwamish Waterway,King,Marine Water,Lube oil,8546.9,,Vessel,Evergreen Freight Lines,Closed
ERTS-2021-001191,2021-08-19T11:37:00Z,2021-08-18T17:21:00Z,Recreational vessel reported taking on water; visible sheen at marina slip.,48.00841,-122.25432,"Port Gardner, Everett",Port Gardner Bay,Snohomish,Marine Water,Hydraulic oil,0.1,0.1,Vessel,Pacific Crest Fuels Inc.,Closed
ERTS-2021-001196,2021-05-22T09:10:00Z,2021-05-21T13:43:00Z,Valve gasket failure during product transfer; spill contained on paved apron.,46.96288,-120.55044,"I-90, Ellensburg",,Kittitas,Land,Diesel fuel,0.4,0.2,Facility,Selkirk Rail Services,Closed
ERTS-2021-001201,2021-11-25T17:19:00Z,2021-11-23T23:36:00Z,Passerby reported petroleum odor and discoloration; no source located.,46.95813,-123.75734,"Grays Harbor, Aberdeen",Grays Harbor,Grays Harbor,Marine Water,Unknown oil sheen,18.4,,Unknown,,Closed
ERTS-2021-001203,2021-08-17T14:12:00Z,2021-08-16T07:26:00Z,"Fuel overflow during vessel bunkering; absorbent pads applied, transfer halted.",47.17801,-123.06007,"Oakland Bay, Shelton",Oakland Bay,Mason,Marine Water,Diesel fuel,1.9,0.6,Vessel,Olympic Peninsula Logging Co.,Closed
ERTS-2021-001204,2021-02-27T18:36:00Z,2021-02-27T11:30:00Z,Stormwater outfall sheen traced to facility oil-water separator bypass.,46.14396,-122.92128,Longview,Columbia River,Cowlitz,Land,Diesel fuel,3.3,0.1,Facility,,Closed
ERTS-2021-001208,2021-02-25T06:57:00Z,,Reported sheen of unknown origin; source investigation ongoing.,47.38406,-120.27214,Wenatchee,Columbia River,Chelan,Groundwater,Diesel fuel,424.4,,Unknown,,Closed
ERTS-2021-001210,2021-05-25T09:29:00Z,2021-05-25T07:30:00Z,Valve gasket failure during product transfer; spill contained on paved apron.,,,"Oakland Bay, Shelton",Oakland Bay,Mason,Marine Water,Crude oil,1.6,,Facility,Evergreen Freight Lines,Closed
ERTS-2021-001214,2021-08-10T06:15:00Z,2021-08-09T16:39:00Z,"Fuel overflow during vessel bunkering; absorbent pads applied, transfer halted.",,,Yakima River,Yakima River,Yakima,Fresh Water,Lube oil,0.4,,Vessel,Salish Sea Charters,Closed
ERTS-2021-001219,2021-03-15T11:25:00Z,2021-03-14T17:02:00Z,Fishing vessel bilge discharge produced intermittent sheen near dock.,47.30553,-122.41137,"Commencement Bay, Tacoma",Commencement Bay,Pierce,Marine Water,Gasoline,297.4,54.3,Vessel,,Closed
ERTS-2021-001223,2021-07-03T14:22:00Z,,Passerby reported petroleum odor and discoloration; no source located.,48.02489,-122.22853,"Port Gardner, Everett",Port Gardner Bay,Snohomish,Marine Water,Diesel fuel,19.4,17.2,Unknown,,Closed
ERTS-2021-001224,2021-07-01T12:34:00Z,2021-06-30T23:34:00Z,Transfer line drip at terminal loading rack; contained within secondary containment.,46.64116,-120.53638,Yakima River,Yakima River,Yakima,Land,Diesel fuel,3.0,1.1,Facility,Chinook Petroleum Distributors,Closed
ERTS-2021-001229,2021-06-14T13:12:00Z,2021-06-13T15:04:00Z,Mystery sheen observed by ferry crew; drift modeling requested.,47.59096,-122.35615,"Harbor Island, Seattle",Duwamish Waterway,King,Marine Water,Mystery sheen,4020.0,,Unknown,Unknown,Closed
ERTS-2021-001234,2021-09-27T17:24:00Z,,Sheen observed alongside moored diesel fuel source vessel; boom deployed by responding crew.,48.01871,-122.22455,"Port Gardner, Everett",Port Gardner Bay,Snohomish,Marine Water,Diesel fuel,,,Vessel,Chinook Petroleum Distributors,Closed
ERTS-2021-001238,2021-06-06T18:50:00Z,2021-06-05T22:20:00Z,Recreational vessel reported taking on water; visible sheen at marina slip.,47.27237,-122.40715,"Commencement Bay, Tacoma",Commencement Bay,Pierce,Marine Water,Gasoline,,,Vessel,,Closed
ERTS-2021-001241,2021-06-11T14:58:00Z,2021-06-10T07:32:00Z,Hydraulic line failure on excavator released fluid to gravel staging area.,46.95481,-120.54918,"I-90, Ellensburg",,Kittitas,Land,Hydraulic oil,1.8,0.5,Vehicle,,Closed
ERTS-2021-001243,2021-01-11T14:37:00Z,2021-01-10T06:13:00Z,Recreational vessel reported taking on water; visible sheen at marina slip.,48.14123,-123.46298,Port Angeles Harbor,Strait of Juan de Fuca,Clallam,Marine Water,Oily bilge water,4.1,1.6,Vessel,North Sound Excavation,Closed
ERTS-2021-001244,2021-07-31T19:16:00Z,2021-07-29T22:32:00Z,Semi-truck saddle tank punctured in collision; fuel reached roadside ditch.,47.63756,-119.86026,"US-2, Douglas County",,Douglas,Air,Hydraulic oil,2.6,,Vehicle,Cascadia Marine Services LLC,Closed
ERTS-2021-001248,2021-06-12T14:57:00Z,2021-06-10T15:13:00Z,Mystery sheen observed by ferry crew; drift modeling requested.,47.25637,-122.40479,"Commencement Bay, Tacoma",Commencement Bay,Pierce,Marine Water,Unknown oil sheen,,,Unknown,,Closed
ERTS-2021-001254,2021-08-14T12:56:00Z,2021-08-13T14:54:00Z,Fishing vessel bilge discharge produced intermittent sheen near dock.,48.71698,-122.53930,Bellingham Bay,Bellingham Bay,Whatcom,Marine Water,Gasoline,,,Vessel,Olympic Peninsula Logging Co.,Closed
ERTS-2021-001259,2021-01-12T09:40:00Z,2021-01-11T10:08:00Z,Fuel tank rupture after vehicle left roadway; contaminated soil excavated.,46.96267,-120.52128,"I-90, Ellensburg",,Kittitas,Land,Diesel fuel,5.0,,Vehicle,Pacific Crest Fuels Inc.,Closed
ERTS-2021-001263,2021-01-02T09:08:00Z,2021-01-02T02:42:00Z,Transfer line drip at terminal loading rack; contained within secondary containment.,47.23944,-122.43628,"Commencement Bay, Tacoma",Commencement Bay,Pierce,Land,Untreated wastewater,4.7,3.6,Facility,Puget Terminal Operations LLC,Closed
ERTS-2021-001264,2021-10-31T17:42:00Z,2021-10-29T21:47:00Z,Sheen observed alongside moored diesel fuel source vessel; boom deployed by responding crew.,47.23708,-123.10649,"Oakland Bay, Shelton",Oakland Bay,Mason,Marine Water,Diesel fuel,32.9,24.8,Vessel,Olympic Peninsula Logging Co.,Closed
ERTS-2021-001269,2021-09-17T18:02:00Z,2021-09-16T01:09:00Z,"Fuel overflow during vessel bunkering; absorbent pads applied, transfer halted.",48.49922,-122.52553,"March Point, Anacortes",Fidalgo Bay,Skagit,Marine Water,Gasoline,23.7,,Vessel,Orca Bay Seafoods Processing,Closed
ERTS-2021-001273,2021-03-22T14:58:00Z,,Valve gasket failure during product transfer; spill contained on paved apron.,48.53533,-122.58031,"March Point, Anacortes",Fidalgo Bay,Skagit,Land,Sodium hydroxide solution,108.8,,Facility,Unknown,Closed
ERTS-2021-001275,2021-02-20T16:40:00Z,2021-02-20T08:02:00Z,"Fuel overflow during vessel bunkering; absorbent pads applied, transfer halted.",48.13499,-123.41197,Port Angeles Harbor,Strait of Juan de Fuca,Clallam,Marine Water,Oily bilge water,287.7,,Vessel,,Closed
ERTS-2021-001277,2021-02-16T06:10:00Z,2021-02-14T15:38:00Z,"Fuel overflow during vessel bunkering; absorbent pads applied, transfer halted.",47.99814,-122.21253,"Port Gardner, Everett",Port Gardner Bay,Snohomish,Marine Water,Diesel fuel,7.7,6.5,Vessel,Puget Terminal Operations LLC,Closed
ERTS-2021-001280,2021-08-18T08:53:00Z,2021-08-16T14:10:00Z,"Fuel overflow during vessel bunkering; absorbent pads applied, transfer halted.",47.23815,-123.08833,"Oakland Bay, Shelton",Oakland Bay,Mason,Land,Diesel fuel,296.4,,Vessel,Unknown,Closed
ERTS-2021-001282,2021-07-22T19:37:00Z,2021-07-22T13:25:00Z,Recreational vessel reported taking on water; visible sheen at marina slip.,47.94381,-122.25044,"Port Gardner, Everett",Port Gardner Bay,Snohomish,Marine Water,Hydraulic oil,1.4,,Vessel,,Closed
ERTS-2021-001284,2021-09-18T19:35:00Z,,Tank overfill alarm failure led to release at bulk fuel facility; vacuum truck dispatched.,48.72711,-122.51081,Bellingham Bay,Bellingham Bay,Whatcom,Marine Water,Diesel fuel,7.4,,Facility,Puget Terminal Operations LLC,Closed
ERTS-2021-001287,2021-07-14T18:19:00Z,,Tank overfill alarm failure led to release at bulk fuel facility; vacuum truck dispatched.,46.08589,-118.31039,Walla Walla,,Walla Walla,Land,Diesel fuel,22.9,,Facility,Unknown,Closed
ERTS-2021-001292,2021-10-08T14:23:00Z,2021-10-06T23:50:00Z,Reported sheen of unknown origin; source investigation ongoing.,47.23569,-123.12823,"Oakland Bay, Shelton",Oakland Bay,Mason,Marine Water,Mystery sheen,,,Unknown,,Closed
ERTS-2021-001293,2021-07-31T17:39:00Z,2021-07-29T20:40:00Z,Mystery sheen observed by ferry crew; drift modeling requested.,47.56944,-122.35056,"Harbor Island, Seattle",Duwamish Waterway,King,Marine Water,Unknown oil sheen,2.4,,Unknown,,Closed
ERTS-2021-001297,2021-02-24T14:22:00Z,2021-02-23T13:52:00Z,Hydraulic line failure on excavator released fluid to gravel staging area.,47.02257,-120.52018,"I-90, Ellensburg",,Kittitas,Land,Antifreeze (ethylene glycol),14.8,9.0,Vehicle,Selkirk Rail Services,Closed
ERTS-2021-001303,2021-10-10T17:35:00Z,2021-10-10T00:56:00Z,Valve gasket failure during product transfer; spill contained on paved apron.,47.56564,-122.31529,"Harbor Island, Seattle",Duwamish Waterway,King,Marine Water,Crude oil,2.3,1.3,Facility,Puget Terminal Operations LLC,Closed
ERTS-2021-001307,2021-01-24T11:54:00Z,2021-01-22T14:14:00Z,Fishing vessel bilge discharge produced intermittent sheen near dock.,48.13007,-123.45210,Port Angeles Harbor,Strait of Juan de Fuca,Clallam,Land,Oily bilge water,42.5,13.5,Vessel,,Closed
ERTS-2021-001309,2021-12-26T12:59:00Z,2021-12-26T11:57:00Z,Stormwater outfall sheen traced to facility oil-water separator bypass.,48.15642,-123.41468,Port Angeles Harbor,Strait of Juan de Fuca,Clallam,Marine Water,Sodium hydroxide solution,0.7,,Facility,North Sound Excavation,Closed
ERTS-2021-001310,2021-07-09T08:08:00Z,2021-07-08T00:30:00Z,Sheen observed alongside moored hydraulic oil source vessel; boom deployed by responding crew.,47.04306,-122.90988,"Budd Inlet, Olympia",Budd Inlet,Thurston,Marine Water,Hydraulic oil,20.1,13.4,Vessel,,Closed
ERTS-2021-001312,2021-01-14T15:26:00Z,,Mystery sheen observed by ferry crew; drift modeling requested.,47.94533,-122.24304,"Port Gardner, Everett",Port Gardner Bay,Snohomish,Marine Water,Diesel fuel,30.9,,Unknown,,Closed
ERTS-2021-001317,2021-01-23T16:41:00Z,2021-01-21T17:03:00Z,Hydraulic line failure on excavator released fluid to gravel staging area.,46.96499,-120.51106,"I-90, Ellensburg",,Kittitas,Land,Motor oil,4.1,2.2,Vehicle,Salish Sea Charters,Closed
ERTS-2021-001320,2021-08-13T18:41:00Z,2021-08-12T16:24:00Z,Recreational vessel reported taking on water; visible sheen at marina slip.,47.23117,-122.43235,"Commencement Bay, Tacoma",Commencement Bay,Pierce,Marine Water,Diesel fuel,,,Vessel,Chinook Petroleum Distributors,Closed
ERTS-2021-001323,2021-06-03T06:59:00Z,2021-06-02T16:52:00Z,Overturned tanker trailer released product to highway shoulder; lanes closed during cleanup.,,,"I-90, Ellensburg",,Kittitas,Land,Diesel fuel,3.5,2.9,Vehicle,,Closed
ERTS-2021-001326,2021-10-04T06:06:00Z,2021-10-02T15:15:00Z,Recreational vessel reported taking on water; visible sheen at marina slip.,47.28526,-122.39481,"Commencement Bay, Tacoma",Commencement Bay,Pierce,Marine Water,Oily bilge water,4.2,,Vessel,Evergreen Freight Lines,Closed
ERTS-2021-001332,2021-01-24T11:26:00Z,2021-01-23T10:27:00Z,"Fuel overflow during vessel bunkering; absorbent pads applied, transfer halted.",45.58946,-122.70088,Vancouver waterfront,Columbia River,Clark,Fresh Water,Diesel fuel,2.6,1.1,Vessel,Pacific Crest Fuels Inc.,Closed
ERTS-2021-001335,2021-08-13T13:59:00Z,,Fuel tank rupture after vehicle left roadway; contaminated soil excavated.,45.71915,-121.92817,"SR-14, Skamania",Columbia River,Skamania,Land,Diesel fuel,3.8,,Vehicle,Selkirk Rail Services,Closed
ERTS-2021-001336,2021-12-14T18:12:00Z,2021-12-14T12:37:00Z,Recreational vessel reported taking on water; visible sheen at marina slip.,45.66937,-122.66482,Vancouver waterfront,Columbia River,Clark,Fresh Water,Diesel fuel,23.1,,Vessel,Unknown,Closed
ERTS-2021-001339,2021-09-21T10:29:00Z,,Locomotive fuel tank seep along mainline; ballast contamination noted.,46.17650,-119.17867,Kennewick,Columbia River,Benton,Fresh Water,Lube oil,453.6,130.0,Rail Car,Olympic Peninsula Logging Co.,Closed
ERTS-2021-001343,2021-11-17T07:26:00Z,,Sheen observed alongside moored bunker c (no. 6 fuel oil) source vessel; boom deployed by responding crew.,48.54295,-122.59558,"March Point, Anacortes",Fidalgo Bay,Skagit,Marine Water,Bunker C (No. 6 fuel oil),,,Vessel,Chinook Petroleum Distributors,Closed
ERTS-2021-001345,2021-12-27T07:37:00Z,,Stormwater outfall sheen traced to facility oil-water separator bypass.,47.95339,-122.23617,"Port Gardner, Everett",Port Gardner Bay,Snohomish,Land,Bunker C (No. 6 fuel oil),3.4,0.0,Facility,North Sound Excavation,Referred To Other Agency
ERTS-2022-001274,2022-05-28T08:35:00Z,2022-05-27T00:45:00Z,Sheen observed alongside moored hydraulic oil source vessel; boom deployed by responding crew.,45.61031,-122.63683,Vancouver waterfront,Columbia River,Clark,Fresh Water,Hydraulic oil,,,Vessel,Unknown,Referred To Other Agency
ERTS-2022-001279,2022-05-04T08:42:00Z,2022-05-03T09:52:00Z,Stormwater outfall sheen traced to facility oil-water separator bypass.,47.54198,-122.63926,"Sinclair Inlet, Bremerton",Sinclair Inlet,Kitsap,Marine Water,Diesel fuel,34.4,0.7,Facility,North Sound Excavation,Closed
ERTS-2022-001282,2022-02-23T08:22:00Z,2022-02-22T12:40:00Z,"Fuel overflow during vessel bunkering; absorbent pads applied, transfer halted.",47.05862,-122.94145,"Budd Inlet, Olympia",Budd Inlet,Thurston,Marine Water,Lube oil,0.7,0.1,Vessel,Pacific Crest Fuels Inc.,Closed
ERTS-2022-001285,2022-06-12T06:52:00Z,2022-06-12T03:35:00Z,Third-party excavation strike on distribution line; area evacuated during repair.,47.61275,-122.37682,"Harbor Island, Seattle",Duwamish Waterway,King,Marine Water,Gasoline,26.6,,Pipeline,Chinook Petroleum Distributors,Referred To Other Agency
ERTS-2022-001291,2022-02-13T06:39:00Z,,Tank overfill alarm failure led to release at bulk fuel facility; vacuum truck dispatched.,48.74401,-122.48604,Bellingham Bay,Bellingham Bay,Whatcom,Marine Water,Jet fuel (Jet-A),0.6,0.6,Facility,,Closed
ERTS-2022-001294,2022-06-08T07:17:00Z,,Fishing vessel bilge discharge produced intermittent sheen near dock.,48.78439,-122.47597,Bellingham Bay,Bellingham Bay,Whatcom,Land,Diesel fuel,325.1,,Vessel,Orca Bay Seafoods Processing,Closed
ERTS-2022-001300,2022-04-15T19:29:00Z,2022-04-15T01:20:00Z,Hydraulic line failure on excavator released fluid to gravel staging area.,46.72450,-122.97437,"I-5 corridor, Centralia",,Lewis,Land,Antifreeze (ethylene glycol),40.6,,Vehicle,,Closed
ERTS-2022-001304,2022-09-27T09:18:00Z,2022-09-25T23:55:00Z,Reported sheen of unknown origin; source investigation ongoing.,48.90111,-122.75074,"Cherry Point, Ferndale",Strait of Georgia,Whatcom,Marine Water,Unknown oil sheen,4.7,,Unknown,Unknown,Referred To Other Agency
ERTS-2022-001307,2022-12-10T06:40:00Z,2022-12-09T18:38:00Z,Fishing vessel bilge discharge produced intermittent sheen near dock.,47.58922,-122.22668,"Lake Washington, Bellevue",Lake Washington,King,Fresh Water,Diesel fuel,8868.9,2302.0,Vessel,Cascadia Marine Services LLC,Closed
ERTS-2022-001313,2022-08-09T08:09:00Z,2022-08-08T19:52:00Z,Mystery sheen observed by ferry crew; drift modeling requested.,46.25892,-119.15905,Kennewick,Columbia River,Benton,Fresh Water,Unknown oil sheen,19.6,14.1,Unknown,,Closed
ERTS-2022-001319,2022-09-21T08:44:00Z,,Passerby reported petroleum odor and discoloration; no source located.,47.60851,-122.33447,"Harbor Island, Seattle",Duwamish Waterway,King,Marine Water,Unknown oil sheen,36.6,31.1,Unknown,,Referred To Other Agency
ERTS-2022-001322,2022-02-09T19:30:00Z,2022-02-08T14:01:00Z,"Fuel overflow during vessel bunkering; absorbent pads applied, transfer halted.",47.52510,-122.65546,"Sinclair Inlet, Bremerton",Sinclair Inlet,Kitsap,Marine Water,Gasoline,3.7,,Vessel,,Closed
ERTS-2022-001325,2022-10-09T09:00:00Z,,Tank overfill alarm failure led to release at bulk fuel facility; vacuum truck dispatched.,48.90239,-122.74632,"Cherry Point, Ferndale",Strait of Georgia,Whatcom,Land,Diesel fuel,2.5,,Facility,Salish Sea Charters,Closed
ERTS-2022-001330,2022-08-06T11:56:00Z,2022-08-05T18:55:00Z,Recreational vessel reported taking on water; visible sheen at marina slip.,45.64655,-122.65474,Vancouver waterfront,Columbia River,Clark,Fresh Water,Hydraulic oil,,,Vessel,Evergreen Freight Lines,Closed
ERTS-2022-001331,2022-02-06T11:11:00Z,2022-02-05T14:54:00Z,Reported sheen of unknown origin; source investigation ongoing.,47.55960,-122.63943,"Sinclair Inlet, Bremerton",Sinclair Inlet,Kitsap,Marine Water,Mystery sheen,0.3,,Unknown,,Closed
ERTS-2022-001336,2022-08-30T13:42:00Z,2022-08-29T20:19:00Z,Semi-truck saddle tank punctured in collision; fuel reached roadside ditch.,,,Longview,Columbia River,Cowlitz,Groundwater,Hydraulic oil,,,Vehicle,Chinook Petroleum Distributors,Closed
ERTS-2022-001342,2022-04-13T07:46:00Z,,Valve gasket failure during product transfer; spill contained on paved apron.,47.61271,-119.93561,"US-2, Douglas County",,Douglas,Land,Diesel fuel,3.8,0.8,Facility,Selkirk Rail Services,Closed
ERTS-2022-001346,2022-12-04T07:59:00Z,2022-12-02T22:24:00Z,Mystery sheen observed by ferry crew; drift modeling requested.,,,"Harbor Island, Seattle",Duwamish Waterway,King,Marine Water,Unknown oil sheen,4.8,,Unknown,,Closed
ERTS-2022-001352,2022-03-05T07:08:00Z,2022-03-05T06:15:00Z,"Fuel overflow during vessel bunkering; absorbent pads applied, transfer halted.",48.70483,-122.52657,Bellingham Bay,Bellingham Bay,Whatcom,Land,Gasoline,36.2,31.2,Vessel,Puget Terminal Operations LLC,Closed
ERTS-2022-001357,2022-04-22T16:02:00Z,2022-04-22T15:33:00Z,Passerby reported petroleum odor and discoloration; no source located.,48.14228,-123.42657,Port Angeles Harbor,Strait of Juan de Fuca,Clallam,Marine Water,Mystery sheen,2.7,0.5,Unknown,,Closed
ERTS-2022-001359,2022-04-23T17:15:00Z,,Third-party excavation strike on distribution line; area evacuated during repair.,46.70071,-122.94166,"I-5 corridor, Centralia",,Lewis,Land,Diesel fuel,,,Pipeline,Unknown,Closed
ERTS-2022-001363,2022-08-01T19:00:00Z,2022-07-31T00:23:00Z,Stormwater outfall sheen traced to facility oil-water separator bypass.,45.62559,-122.66642,Vancouver waterfront,Columbia River,Clark,Fresh Water,Sodium hydroxide solution,3.1,2.0,Facility,North Sound Excavation,Closed
ERTS-2022-001369,2022-08-12T19:51:00Z,2022-08-12T19:18:00Z,Sheen observed alongside moored oily bilge water source vessel; boom deployed by responding crew.,47.25394,-122.40068,"Commencement Bay, Tacoma",Commencement Bay,Pierce,Marine Water,Oily bilge water,31.7,20.1,Vessel,Selkirk Rail Services,Closed
ERTS-2022-001370,2022-10-10T11:51:00Z,2022-10-09T15:56:00Z,Passerby reported petroleum odor and discoloration; no source located.,46.12685,-122.96238,Longview,Columbia River,Cowlitz,Groundwater,Unknown oil sheen,244.6,86.9,Unknown,,Closed
ERTS-2022-001376,2022-11-27T11:19:00Z,2022-11-25T20:30:00Z,"Fuel overflow during vessel bunkering; absorbent pads applied, transfer halted.",48.89895,-122.69482,"Cherry Point, Ferndale",Strait of Georgia,Whatcom,Marine Water,Diesel fuel,408.5,310.7,Vessel,Rainier Towing & Barge Co.,Closed
ERTS-2022-001377,2022-12-16T14:33:00Z,,"Fuel overflow during vessel bunkering; absorbent pads applied, transfer halted.",48.74367,-122.45525,Bellingham Bay,Bellingham Bay,Whatcom,Marine Water,Diesel fuel,2.3,1.4,Vessel,Rainier Towing & Barge Co.,Closed
ERTS-2022-001382,2022-02-15T08:44:00Z,2022-02-13T14:41:00Z,"Fuel overflow during vessel bunkering; absorbent pads applied, transfer halted.",48.52449,-122.59969,"March Point, Anacortes",Fidalgo Bay,Skagit,Marine Water,Oily bilge water,,,Vessel,,Closed
ERTS-2022-001387,2022-03-11T09:52:00Z,2022-03-09T13:30:00Z,Sheen observed alongside moored gasoline source vessel; boom deployed by responding crew.,47.62831,-117.44360,Spokane River,Spokane River,Spokane,Fresh Water,Gasoline,26.5,16.3,Vessel,Salish Sea Charters,Closed
ERTS-2022-001393,2022-02-07T08:43:00Z,2022-02-05T12:05:00Z,Tank overfill alarm failure led to release at bulk fuel facility; vacuum truck dispatched.,48.48946,-122.55431,"March Point, Anacortes",Fidalgo Bay,Skagit,Marine Water,Diesel fuel,350.0,,Facility,Columbia Basin Transport,Closed
ERTS-2022-001396,2022-11-24T07:54:00Z,2022-11-22T23:59:00Z,Overturned tanker trailer released product to highway shoulder; lanes closed during cleanup.,47.59727,-122.16168,"Lake Washington, Bellevue",Lake Washington,King,Land,Motor oil,759.7,,Vehicle,Columbia Basin Transport,Referred To Other Agency
ERTS-2022-001401,2022-05-19T15:27:00Z,2022-05-17T16:58:00Z,"Fuel overflow during vessel bunkering; absorbent pads applied, transfer halted.",46.17229,-122.90020,Longview,Columbia River,Cowlitz,Fresh Water,Bunker C (No. 6 fuel oil),346.2,,Vessel,Unknown,Referred To Other Agency
ERTS-2022-001402,2022-03-28T10:41:00Z,2022-03-27T19:26:00Z,Reported sheen of unknown origin; source investigation ongoing.,46.92639,-123.77131,"Grays Harbor, Aberdeen",Grays Harbor,Grays Harbor,Marine Water,Mystery sheen,4.4,,Unknown,,Closed
ERTS-2022-001408,2022-06-22T16:29:00Z,2022-06-22T06:01:00Z,Transfer line drip at terminal loading rack; contained within secondary containment.,45.62974,-122.67518,Vancouver waterfront,Columbia River,Clark,Fresh Water,Untreated wastewater,,,Facility,Chinook Petroleum Distributors,Closed
ERTS-2022-001409,2022-05-15T16:40:00Z,2022-05-14T08:32:00Z,Fuel tank rupture after vehicle left roadway; contaminated soil excavated.,45.59402,-122.62560,Vancouver waterfront,Columbia River,Clark,Fresh Water,Gasoline,4.3,3.7,Vehicle,Rainier Towing & Barge Co.,Closed
ERTS-2022-001413,2022-05-06T17:28:00Z,2022-05-05T13:21:00Z,"Fuel overflow during vessel bunkering; absorbent pads applied, transfer halted.",47.10184,-122.89657,"Budd Inlet, Olympia",Budd Inlet,Thurston,Land,Bunker C (No. 6 fuel oil),3.6,1.2,Vessel,,Closed
ERTS-2022-001416,2022-11-16T18:52:00Z,2022-11-15T12:52:00Z,Mystery sheen observed by ferry crew; drift modeling requested.,46.18332,-122.93229,Longview,Columbia River,Cowlitz,Fresh Water,Unknown oil sheen,34.4,0.3,Unknown,Unknown,Closed
ERTS-2022-001419,2022-02-10T07:33:00Z,,Tank overfill alarm failure led to release at bulk fuel facility; vacuum truck dispatched.,47.63016,-117.40386,Spokane River,Spokane River,Spokane,Groundwater,Crude oil,0.2,0.1,Facility,Olympic Peninsula Logging Co.,Closed
ERTS-2022-001420,2022-06-22T19:31:00Z,,Reported sheen of unknown origin; source investigation ongoing.,47.57135,-122.23436,"Lake Washington, Bellevue",Lake Washington,King,Fresh Water,Unknown oil sheen,28.5,3.6,Unknown,Unknown,Closed
ERTS-2022-001421,2022-09-08T13:51:00Z,2022-09-06T23:05:00Z,Stormwater outfall sheen traced to facility oil-water separator bypass.,46.20142,-119.16108,Kennewick,Columbia River,Benton,Fresh Water,Crude oil,1.5,1.3,Facility,,Closed
ERTS-2022-001422,2022-07-19T06:58:00Z,2022-07-18T08:47:00Z,Hydraulic line failure on excavator released fluid to gravel staging area.,46.59015,-120.53512,Yakima River,Yakima River,Yakima,Fresh Water,Diesel fuel,4.0,0.2,Vehicle,Cascadia Marine Services LLC,Referred To Other Agency
ERTS-2022-001425,2022-02-22T18:39:00Z,,Locomotive fuel tank seep along mainline; ballast contamination noted.,46.68017,-122.92688,"I-5 corridor, Centralia",,Lewis,Land,Diesel fuel,1.6,,Rail Car,Unknown,Closed
ERTS-2022-001428,2022-02-08T11:24:00Z,,Rail car fitting leak discovered during yard inspection; drip pans placed.,,,"I-90, Ellensburg",,Kittitas,Groundwater,Diesel fuel,0.3,,Rail Car,Cascadia Marine Services LLC,Closed
ERTS-2022-001430,2022-07-23T16:43:00Z,2022-07-21T19:40:00Z,Transfer line drip at terminal loading rack; contained within secondary containment.,47.06643,-122.93069,"Budd Inlet, Olympia",Budd Inlet,Thurston,Land,Diesel fuel,41.2,6.1,Facility,,Closed
ERTS-2022-001435,2022-11-09T09:30:00Z,2022-11-08T22:40:00Z,"Fuel overflow during vessel bunkering; absorbent pads applied, transfer halted.",45.60688,-122.64327,Vancouver waterfront,Columbia River,Clark,Fresh Water,Lube oil,4.4,1.5,Vessel,,Referred To Other Agency
ERTS-2022-001441,2022-08-11T10:43:00Z,2022-08-09T20:40:00Z,Transfer line drip at terminal loading rack; contained within secondary containment.,48.09683,-123.46293,Port Angeles Harbor,Strait of Juan de Fuca,Clallam,Marine Water,Bunker C (No. 6 fuel oil),,,Facility,,Closed
ERTS-2022-001445,2022-09-13T12:27:00Z,2022-09-12T21:14:00Z,Rail car fitting leak discovered during yard inspection; drip pans placed.,46.18294,-122.94360,Longview,Columbia River,Cowlitz,Land,Diesel fuel,37.8,,Rail Car,Chinook Petroleum Distributors,Closed
ERTS-2022-001450,2022-07-27T18:00:00Z,2022-07-26T17:06:00Z,Fishing vessel bilge discharge produced intermittent sheen near dock.,47.45281,-120.32339,Wenatchee,Columbia River,Chelan,Fresh Water,Hydraulic oil,5722.3,,Vessel,Salish Sea Charters,Closed
ERTS-2022-001455,2022-12-29T15:03:00Z,2022-12-29T02:48:00Z,Valve gasket failure during product transfer; spill contained on paved apron.,,,Wenatchee,Columbia River,Chelan,Fresh Water,Diesel fuel,3.7,1.7,Facility,Chinook Petroleum Distributors,Closed
ERTS-2022-001460,2022-08-08T13:41:00Z,2022-08-07T00:32:00Z,Recreational vessel reported taking on water; visible sheen at marina slip.,45.65546,-121.86616,"SR-14, Skamania",Columbia River,Skamania,Groundwater,Diesel fuel,,,Vessel,Rainier Towing & Barge Co.,Closed
ERTS-2022-001462,2022-11-03T09:47:00Z,2022-11-01T23:09:00Z,Sheen observed alongside moored hydraulic oil source vessel; boom deployed by responding crew.,47.14580,-119.26480,Moses Lake,Moses Lake,Grant,Fresh Water,Hydraulic oil,3.1,,Vessel,Columbia Basin Transport,Closed
ERTS-2022-001463,2022-09-10T12:59:00Z,2022-09-10T09:20:00Z,Locomotive fuel tank seep along mainline; ballast contamination noted.,47.42294,-120.32384,Wenatchee,Columbia River,Chelan,Fresh Water,Crude oil,4.2,,Rail Car,Chinook Petroleum Distributors,Closed
ERTS-2022-001465,2022-05-29T09:08:00Z,2022-05-27T23:58:00Z,Sheen observed alongside moored gasoline source vessel; boom deployed by responding crew.,48.82392,-122.73260,"Cherry Point, Ferndale",Strait of Georgia,Whatcom,Marine Water,Gasoline,4.6,,Vessel,Pacific Crest Fuels Inc.,Closed
ERTS-2022-001469,2022-11-02T15:26:00Z,2022-11-02T14:00:00Z,Fuel tank rupture after vehicle left roadway; contaminated soil excavated.,45.66132,-122.66349,Vancouver waterfront,Columbia River,Clark,Fresh Water,Diesel fuel,,,Vehicle,Cascadia Marine Services LLC,Closed
ERTS-2022-001475,2022-12-24T10:27:00Z,2022-12-23T08:47:00Z,Sheen observed alongside moored diesel fuel source vessel; boom deployed by responding crew.,46.27397,-124.04373,Ilwaco,Columbia River,Pacific,Marine Water,Diesel fuel,0.4,0.0,Vessel,Pacific Crest Fuels Inc.,Closed
ERTS-2022-001478,2022-07-22T16:45:00Z,,Reported sheen of unknown origin; source investigation ongoing.,47.23339,-122.39598,"Commencement Bay, Tacoma",Commencement Bay,Pierce,Marine Water,Diesel fuel,365.8,238.1,Unknown,Unknown,Closed
ERTS-2022-001480,2022-03-07T08:12:00Z,2022-03-06T23:48:00Z,Semi-truck saddle tank punctured in collision; fuel reached roadside ditch.,45.65946,-122.67830,Vancouver waterfront,Columbia River,Clark,Land,Diesel fuel,31.8,,Vehicle,Cascadia Marine Services LLC,Closed
ERTS-2022-001486,2022-02-02T13:47:00Z,2022-02-02T03:37:00Z,Semi-truck saddle tank punctured in collision; fuel reached roadside ditch.,46.26236,-119.15854,Kennewick,Columbia River,Benton,Fresh Water,Diesel fuel,1.5,0.1,Vehicle,Orca Bay Seafoods Processing,Closed
ERTS-2022-001489,2022-10-16T07:58:00Z,,Stormwater outfall sheen traced to facility oil-water separator bypass.,46.70794,-122.93579,"I-5 corridor, Centralia",,Lewis,Land,Crude oil,,,Facility,North Sound Excavation,Referred To Other Agency
ERTS-2022-001492,2022-02-15T15:17:00Z,2022-02-14T19:11:00Z,Locomotive fuel tank seep along mainline; ballast contamination noted.,46.10306,-118.31166,Walla Walla,,Walla Walla,Groundwater,Crude oil,215.8,,Rail Car,,Closed
ERTS-2022-001494,2022-01-31T12:02:00Z,2022-01-31T06:44:00Z,Mystery sheen observed by ferry crew; drift modeling requested.,47.57930,-122.37847,"Harbor Island, Seattle",Duwamish Waterway,King,Marine Water,Unknown oil sheen,0.4,,Unknown,,Closed
ERTS-2022-001496,2022-05-18T11:53:00Z,2022-05-16T14:46:00Z,Sheen observed alongside moored oily bilge water source vessel; boom deployed by responding crew.,46.62865,-120.49587,Yakima River,Yakima River,Yakima,Land,Oily bilge water,0.6,0.5,Vessel,Evergreen Freight Lines,Closed
ERTS-2022-001499,2022-10-04T18:22:00Z,2022-10-04T00:04:00Z,Fishing vessel bilge discharge produced intermittent sheen near dock.,46.98710,-123.76876,"Grays Harbor, Aberdeen",Grays Harbor,Grays Harbor,Marine Water,Lube oil,3.7,2.4,Vessel,Chinook Petroleum Distributors,Closed
ERTS-2022-001503,2022-05-20T09:46:00Z,2022-05-18T10:45:00Z,Passerby reported petroleum odor and discoloration; no source located.,46.15458,-122.93443,Longview,Columbia River,Cowlitz,Groundwater,Diesel fuel,423.2,100.2,Unknown,,Closed
ERTS-2022-001508,2022-10-13T17:19:00Z,2022-10-12T02:21:00Z,Hydraulic line failure on excavator released fluid to gravel staging area.,46.59332,-120.50069,Yakima River,Yakima River,Yakima,Land,Hydraulic oil,2.9,,Vehicle,Orca Bay Seafoods Processing,Closed
ERTS-2022-001514,2022-11-10T14:55:00Z,2022-11-08T22:35:00Z,Fishing vessel bilge discharge produced intermittent sheen near dock.,47.28317,-122.44776,"Commencement Bay, Tacoma",Commencement Bay,Pierce,Land,Bunker C (No. 6 fuel oil),27.9,19.5,Vessel,Columbia Basin Transport,Closed
ERTS-2022-001520,2022-12-08T07:52:00Z,2022-12-08T06:26:00Z,Third-party excavation strike on distribution line; area evacuated during repair.,47.57721,-122.33307,"Harbor Island, Seattle",Duwamish Waterway,King,Marine Water,Diesel fuel,2.4,0.5,Pipeline,,Closed
ERTS-2022-001526,2022-06-16T12:18:00Z,2022-06-14T20:58:00Z,Overturned tanker trailer released product to highway shoulder; lanes closed during cleanup.,47.44203,-120.35223,Wenatchee,Columbia River,Chelan,Fresh Water,Diesel fuel,3.6,0.0,Vehicle,,Closed
ERTS-2022-001527,2022-12-14T11:56:00Z,,"Fuel overflow during vessel bunkering; absorbent pads applied, transfer halted.",47.43117,-120.32232,Wenatchee,Columbia River,Chelan,Fresh Water,Bunker C (No. 6 fuel oil),46.3,23.6,Vessel,Unknown,Closed
ERTS-2022-001530,2022-10-29T16:18:00Z,,Stormwater outfall sheen traced to facility oil-water separator bypass.,45.67283,-122.67760,Vancouver waterfront,Columbia River,Clark,Land,Crude oil,3.7,3.3,Facility,Evergreen Freight Lines,Closed
ERTS-2022-001533,2022-09-24T15:19:00Z,2022-09-24T10:21:00Z,Recreational vessel reported taking on water; visible sheen at marina slip.,48.01577,-122.18050,"Port Gardner, Everett",Port Gardner Bay,Snohomish,Marine Water,Diesel fuel,4.9,1.6,Vessel,Salish Sea Charters,Closed
ERTS-2022-001534,2022-07-09T14:09:00Z,,Stormwater outfall sheen traced to facility oil-water separator bypass.,48.09044,-123.44838,Port Angeles Harbor,Strait of Juan de Fuca,Clallam,Marine Water,Bunker C (No. 6 fuel oil),2.7,,Facility,Chinook Petroleum Distributors,Closed
ERTS-2022-001536,2022-05-19T17:44:00Z,2022-05-17T21:42:00Z,Recreational vessel reported taking on water; visible sheen at marina slip.,48.37171,-124.64006,Neah Bay,Strait of Juan de Fuca,Clallam,Marine Water,Lube oil,20.1,16.0,Vessel,Salish Sea Charters,Referred To Other Agency
ERTS-2022-001539,2022-06-22T11:36:00Z,,Passerby reported petroleum odor and discoloration; no source located.,47.15097,-119.25244,Moses Lake,Moses Lake,Grant,Fresh Water,Unknown oil sheen,1.4,1.2,Unknown,,Closed
ERTS-2022-001544,2022-03-04T11:18:00Z,2022-03-04T09:16:00Z,Fishing vessel bilge discharge produced intermittent sheen near dock.,46.10807,-122.97010,Longview,Columbia River,Cowlitz,Fresh Water,Bunker C (No. 6 fuel oil),2.8,2.1,Vessel,,Closed
ERTS-2022-001548,2022-11-15T16:24:00Z,,"Fuel overflow during vessel bunkering; absorbent pads applied, transfer halted.",47.24423,-122.43091,"Commencement Bay, Tacoma",Commencement Bay,Pierce,Marine Water,Oily bilge water,2.7,1.1,Vessel,Columbia Basin Transport,Closed
ERTS-2022-001552,2022-05-06T12:12:00Z,,Transfer line drip at terminal loading rack; contained within secondary containment.,46.12705,-122.92009,Longview,Columbia River,Cowlitz,Fresh Water,Jet fuel (Jet-A),12.2,9.5,Facility,Cascadia Marine Services LLC,Closed
ERTS-2022-001554,2022-11-20T18:41:00Z,2022-11-19T09:56:00Z,"Fuel overflow during vessel bunkering; absorbent pads applied, transfer halted.",48.86648,-122.70193,"Cherry Point, Ferndale",Strait of Georgia,Whatcom,Marine Water,Diesel fuel,2020.1,1281.7,Vessel,,Closed
ERTS-2022-001556,2022-09-30T06:13:00Z,2022-09-29T09:59:00Z,Valve gasket failure during product transfer; spill contained on paved apron.,46.56746,-120.54548,Yakima River,Yakima River,Yakima,Fresh Water,Jet fuel (Jet-A),,,Facility,Puget Terminal Operations LLC,Referred To Other Agency
ERTS-2022-001557,2022-06-09T15:07:00Z,2022-06-09T07:42:00Z,Transfer line drip at terminal loading rack; contained within secondary containment.,,,Bellingham Bay,Bellingham Bay,Whatcom,Marine Water,Jet fuel (Jet-A),20.2,,Facility,,Closed
ERTS-2022-001563,2022-02-14T14:21:00Z,2022-02-14T07:07:00Z,Fishing vessel bilge discharge produced intermittent sheen near dock.,46.12413,-122.93097,Longview,Columbia River,Cowlitz,Fresh Water,Diesel fuel,,,Vessel,Salish Sea Charters,Closed
ERTS-2022-001568,2022-02-27T09:55:00Z,2022-02-26T19:22:00Z,Rail car fitting leak discovered during yard inspection; drip pans placed.,47.63847,-117.39186,Spokane River,Spokane River,Spokane,Groundwater,Diesel fuel,2587.1,,Rail Car,,Closed
ERTS-2022-001570,2022-12-05T08:46:00Z,2022-12-04T22:42:00Z,Valve gasket failure during product transfer; spill contained on paved apron.,46.74535,-122.91495,"I-5 corridor, Centralia",,Lewis,Land,Diesel fuel,2.6,,Facility,,Closed
ERTS-2022-001572,2022-01-07T19:57:00Z,2022-01-06T03:04:00Z,Semi-truck saddle tank punctured in collision; fuel reached roadside ditch.,47.61487,-122.16984,"Lake Washington, Bellevue",Lake Washington,King,Land,Motor oil,,,Vehicle,,Closed
ERTS-2022-001577,2022-05-18T08:28:00Z,2022-05-16T10:19:00Z,Stormwater outfall sheen traced to facility oil-water separator bypass.,46.25652,-119.12131,Kennewick,Columbia River,Benton,Fresh Water,Sodium hydroxide solution,,,Facility,Orca Bay Seafoods Processing,Closed
ERTS-2022-001583,2022-01-03T08:32:00Z,2022-01-02T04:19:00Z,Tank overfill alarm failure led to release at bulk fuel facility; vacuum truck dispatched.,48.85240,-122.71235,"Cherry Point, Ferndale",Strait of Georgia,Whatcom,Marine Water,Crude oil,17.9,,Facility,Pacific Crest Fuels Inc.,Closed
ERTS-2022-001589,2022-02-17T08:55:00Z,,Overturned tanker trailer released product to highway shoulder; lanes closed during cleanup.,46.02545,-118.37219,Walla Walla,,Walla Walla,Land,Diesel fuel,197.7,,Vehicle,Salish Sea Charters,Closed
ERTS-2022-001594,2022-05-30T16:34:00Z,2022-05-28T23:24:00Z,Stormwater outfall sheen traced to facility oil-water separator bypass.,48.50385,-122.56400,"March Point, Anacortes",Fidalgo Bay,Skagit,Marine Water,Crude oil,0.1,0.1,Facility,North Sound Excavation,Closed
ERTS-2022-001599,2022-09-04T07:00:00Z,2022-09-02T23:47:00Z,Semi-truck saddle tank punctured in collision; fuel reached roadside ditch.,47.57319,-122.20488,"Lake Washington, Bellevue",Lake Washington,King,Fresh Water,Antifreeze (ethylene glycol),1.3,0.9,Vehicle,Salish Sea Charters,Closed
ERTS-2022-001603,2022-12-24T09:17:00Z,2022-12-23T20:05:00Z,Reported sheen of unknown origin; source investigation ongoing.,47.09674,-122.89185,"Budd Inlet, Olympia",Budd Inlet,Thurston,Marine Water,Unknown oil sheen,248.3,211.8,Unknown,Unknown,Closed
ERTS-2022-001608,2022-01-28T15:58:00Z,2022-01-27T10:08:00Z,Semi-truck saddle tank punctured in collision; fuel reached roadside ditch.,47.62531,-122.16111,"Lake Washington, Bellevue",Lake Washington,King,Fresh Water,Antifreeze (ethylene glycol),40.4,22.2,Vehicle,Cascadia Marine Services LLC,Closed
ERTS-2022-001609,2022-11-11T18:17:00Z,2022-11-11T06:34:00Z,Sheen observed alongside moored hydraulic oil source vessel; boom deployed by responding crew.,47.95330,-122.26296,"Port Gardner, Everett",Port Gardner Bay,Snohomish,Marine Water,Hydraulic oil,4.4,,Vessel,Chinook Petroleum Distributors,Closed
ERTS-2022-001613,2022-09-29T17:07:00Z,2022-09-29T06:51:00Z,Valve gasket failure during product transfer; spill contained on paved apron.,47.56889,-122.62370,"Sinclair Inlet, Bremerton",Sinclair Inlet,Kitsap,Marine Water,Diesel fuel,46.1,,Facility,,Closed
ERTS-2022-001615,2022-05-23T13:06:00Z,,Mystery sheen observed by ferry crew; drift modeling requested.,48.50520,-123.00119,Friday Harbor,San Juan Channel,San Juan,Marine Water,Diesel fuel,3.4,,Unknown,,Closed
ERTS-2022-001620,2022-04-26T16:21:00Z,2022-04-26T05:55:00Z,Sheen observed alongside moored lube oil source vessel; boom deployed by responding crew.,48.77639,-122.51835,Bellingham Bay,Bellingham Bay,Whatcom,Marine Water,Lube oil,,,Vessel,Olympic Peninsula Logging Co.,Closed
ERTS-2022-001623,2022-02-24T15:58:00Z,,Transfer line drip at terminal loading rack; contained within secondary containment.,47.95837,-122.24570,"Port Gardner, Everett",Port Gardner Bay,Snohomish,Marine Water,Crude oil,39.3,,Facility,Columbia Basin Transport,Closed
ERTS-2022-001628,2022-07-19T18:44:00Z,,Valve gasket failure during product transfer; spill contained on paved apron.,47.53881,-122.37030,"Harbor Island, Seattle",Duwamish Waterway,King,Marine Water,Bunker C (No. 6 fuel oil),262.8,154.2,Facility,Olympic Peninsula Logging Co.,Referred To Other Agency
ERTS-2022-001634,2022-11-18T14:54:00Z,,Reported sheen of unknown origin; source investigation ongoing.,47.55269,-122.35396,"Harbor Island, Seattle",Duwamish Waterway,King,Marine Water,Unknown oil sheen,4219.0,,Unknown,,Closed
ERTS-2022-001640,2022-09-15T17:37:00Z,2022-09-14T08:42:00Z,Valve gasket failure during product transfer; spill contained on paved apron.,45.62898,-122.64796,Vancouver waterfront,Columbia River,Clark,Land,Diesel fuel,40.8,34.9,Facility,Chinook Petroleum Distributors,Closed
ERTS-2022-001643,2022-10-10T15:00:00Z,2022-10-10T03:38:00Z,Reported sheen of unknown origin; source investigation ongoing.,48.11237,-122.75311,Port Townsend,Admiralty Inlet,Jefferson,Marine Water,Diesel fuel,0.2,,Unknown,,Closed
ERTS-2022-001649,2022-07-26T13:02:00Z,2022-07-24T14:08:00Z,Sheen observed alongside moored hydraulic oil source vessel; boom deployed by responding crew.,47.58314,-122.38592,"Harbor Island, Seattle",Duwamish Waterway,King,Marine Water,Hydraulic oil,8.9,,Vessel,Selkirk Rail Services,Closed
ERTS-2022-001655,2022-10-19T07:31:00Z,2022-10-18T15:38:00Z,Tank overfill alarm failure led to release at bulk fuel facility; vacuum truck dispatched.,48.02244,-122.19437,"Port Gardner, Everett",Port Gardner Bay,Snohomish,Marine Water,Diesel fuel,0.7,,Facility,Puget Terminal Operations LLC,Closed
ERTS-2022-001658,2022-11-04T09:11:00Z,,Valve gasket failure during product transfer; spill contained on paved apron.,47.29455,-122.44158,"Commencement Bay, Tacoma",Commencement Bay,Pierce,Marine Water,Jet fuel (Jet-A),17.7,,Facility,,Closed
ERTS-2022-001659,2022-08-29T18:36:00Z,2022-08-29T07:12:00Z,Fishing vessel bilge discharge produced intermittent sheen near dock.,47.54108,-122.32115,"Harbor Island, Seattle",Duwamish Waterway,King,Marine Water,Oily bilge water,9.1,7.5,Vessel,Salish Sea Charters,Closed
ERTS-2022-001663,2022-05-11T12:36:00Z,2022-05-09T21:46:00Z,Reported sheen of unknown origin; source investigation ongoing.,48.08731,-122.74653,Port Townsend,Admiralty Inlet,Jefferson,Marine Water,Mystery sheen,369.7,94.9,Unknown,,Closed
ERTS-2023-001283,2023-11-20T16:11:00Z,2023-11-19T22:08:00Z,Fishing vessel bilge discharge produced intermittent sheen near dock.,47.16899,-123.05689,"Oakland Bay, Shelton",Oakland Bay,Mason,Marine Water,Gasoline,38.0,28.7,Vessel,Cascadia Marine Services LLC,Closed
ERTS-2023-001284,2023-12-14T19:08:00Z,2023-12-14T14:32:00Z,Valve gasket failure during product transfer; spill contained on paved apron.,47.40278,-120.26701,Wenatchee,Columbia River,Chelan,Fresh Water,Diesel fuel,2.0,1.3,Facility,Orca Bay Seafoods Processing,Closed
ERTS-2023-001287,2023-04-24T07:33:00Z,2023-04-22T22:25:00Z,Stormwater outfall sheen traced to facility oil-water separator bypass.,48.07685,-122.75630,Port Townsend,Admiralty Inlet,Jefferson,Land,Diesel fuel,2.6,,Facility,Olympic Peninsula Logging Co.,Closed
ERTS-2023-001293,2023-06-26T14:40:00Z,2023-06-25T20:11:00Z,Stormwater outfall sheen traced to facility oil-water separator bypass.,48.54479,-122.54091,"March Point, Anacortes",Fidalgo Bay,Skagit,Marine Water,Diesel fuel,135.9,59.0,Facility,Pacific Crest Fuels Inc.,Closed
ERTS-2023-001299,2023-05-31T06:56:00Z,,Transfer line drip at terminal loading rack; contained within secondary containment.,47.09467,-122.86843,"Budd Inlet, Olympia",Budd Inlet,Thurston,Land,Diesel fuel,1.1,,Facility,Salish Sea Charters,Closed
ERTS-2023-001302,2023-09-26T14:08:00Z,2023-09-25T21:42:00Z,Hydraulic line failure on excavator released fluid to gravel staging area.,46.01747,-118.32470,Walla Walla,,Walla Walla,Land,Diesel fuel,2.7,,Vehicle,Evergreen Freight Lines,Referred To Other Agency
ERTS-2023-001305,2023-07-11T12:09:00Z,2023-07-11T11:40:00Z,Reported sheen of unknown origin; source investigation ongoing.,47.58267,-122.34052,"Harbor Island, Seattle",Duwamish Waterway,King,Marine Water,Diesel fuel,1.7,1.0,Unknown,,Closed
ERTS-2023-001306,2023-07-02T17:48:00Z,2023-07-01T19:06:00Z,Transfer line drip at terminal loading rack; contained within secondary containment.,46.99695,-123.81827,"Grays Harbor, Aberdeen",Grays Harbor,Grays Harbor,Marine Water,Diesel fuel,,,Facility,Unknown,Closed
ERTS-2023-001307,2023-05-23T13:26:00Z,2023-05-23T08:03:00Z,Rail car fitting leak discovered during yard inspection; drip pans placed.,47.39752,-120.30416,Wenatchee,Columbia River,Chelan,Fresh Water,Crude oil,0.4,0.2,Rail Car,,Closed
ERTS-2023-001311,2023-07-09T18:13:00Z,2023-07-07T21:17:00Z,"Fuel overflow during vessel bunkering; absorbent pads applied, transfer halted.",48.38737,-124.63649,Neah Bay,Strait of Juan de Fuca,Clallam,Marine Water,Hydraulic oil,0.8,0.4,Vessel,Rainier Towing & Barge Co.,Closed
ERTS-2023-001314,2023-08-30T12:19:00Z,2023-08-30T06:09:00Z,Sheen observed alongside moored diesel fuel source vessel; boom deployed by responding crew.,48.51405,-122.56604,"March Point, Anacortes",Fidalgo Bay,Skagit,Marine Water,Diesel fuel,3.9,,Vessel,Puget Terminal Operations LLC,Closed
ERTS-2023-001318,2023-11-08T13:02:00Z,2023-11-08T11:10:00Z,Sheen observed alongside moored diesel fuel source vessel; boom deployed by responding crew.,47.64760,-122.23421,"Lake Washington, Bellevue",Lake Washington,King,Land,Diesel fuel,164.1,,Vessel,,Closed
ERTS-2023-001323,2023-04-27T10:17:00Z,2023-04-26T03:36:00Z,Recreational vessel reported taking on water; visible sheen at marina slip.,,,Longview,Columbia River,Cowlitz,Fresh Water,Oily bilge water,,,Vessel,Pacific Crest Fuels Inc.,Closed
ERTS-2023-001327,2023-07-12T17:35:00Z,2023-07-12T13:32:00Z,Fuel tank rupture after vehicle left roadway; contaminated soil excavated.,47.60830,-122.16854,"Lake Washington, Bellevue",Lake Washington,King,Fresh Water,Hydraulic oil,30.1,,Vehicle,Salish Sea Charters,Closed
ERTS-2023-001328,2023-05-12T17:16:00Z,2023-05-12T00:11:00Z,Fishing vessel bilge discharge produced intermittent sheen near dock.,45.64424,-122.67087,Vancouver waterfront,Columbia River,Clark,Fresh Water,Hydraulic oil,3.7,,Vessel,Salish Sea Charters,Closed
ERTS-2023-001332,2023-02-25T08:44:00Z,2023-02-24T05:34:00Z,Overturned tanker trailer released product to highway shoulder; lanes closed during cleanup.,47.66166,-117.38773,Spokane River,Spokane River,Spokane,Land,Diesel fuel,2.4,0.1,Vehicle,,Referred To Other Agency
ERTS-2023-001338,2023-05-27T16:04:00Z,2023-05-25T23:16:00Z,Reported sheen of unknown origin; source investigation ongoing.,48.14679,-123.42773,Port Angeles Harbor,Strait of Juan de Fuca,Clallam,Marine Water,Unknown oil sheen,0.8,,Unknown,,Closed
ERTS-2023-001343,2023-04-11T10:37:00Z,2023-04-10T22:12:00Z,"Fuel overflow during vessel bunkering; absorbent pads applied, transfer halted.",47.01970,-122.90215,"Budd Inlet, Olympia",Budd Inlet,Thurston,Marine Water,Diesel fuel,42.5,16.9,Vessel,,Closed
ERTS-2023-001344,2023-03-17T07:20:00Z,2023-03-15T13:28:00Z,Semi-truck saddle tank punctured in collision; fuel reached roadside ditch.,46.60971,-120.53225,Yakima River,Yakima River,Yakima,Fresh Water,Gasoline,331.4,94.5,Vehicle,,Closed
ERTS-2023-001346,2023-08-21T13:49:00Z,2023-08-19T20:02:00Z,Hydraulic line failure on excavator released fluid to gravel staging area.,46.03469,-118.38095,Walla Walla,,Walla Walla,Land,Gasoline,1.0,,Vehicle,Olympic Peninsula Logging Co.,Closed
ERTS-2023-001352,2023-03-06T10:57:00Z,2023-03-05T06:24:00Z,Recreational vessel reported taking on water; visible sheen at marina slip.,47.25810,-122.38959,"Commencement Bay, Tacoma",Commencement Bay,Pierce,Marine Water,Bunker C (No. 6 fuel oil),12.7,3.3,Vessel,Rainier Towing & Barge Co.,Closed
ERTS-2023-001354,2023-02-18T07:34:00Z,2023-02-17T01:45:00Z,Valve gasket failure during product transfer; spill contained on paved apron.,47.94292,-122.18121,"Port Gardner, Everett",Port Gardner Bay,Snohomish,Marine Water,Jet fuel (Jet-A),31.6,22.9,Facility,Selkirk Rail Services,Closed
ERTS-2023-001359,2023-10-24T13:22:00Z,2023-10-23T08:33:00Z,"Fuel overflow during vessel bunkering; absorbent pads applied, transfer halted.",48.85844,-122.75307,"Cherry Point, Ferndale",Strait of Georgia,Whatcom,Marine Water,Oily bilge water,39.7,23.0,Vessel,Puget Terminal Operations LLC,Closed
ERTS-2023-001363,2023-03-27T10:32:00Z,2023-03-25T11:39:00Z,Mystery sheen observed by ferry crew; drift modeling requested.,46.15882,-122.96354,Longview,Columbia River,Cowlitz,Fresh Water,Unknown oil sheen,64.3,6.3,Unknown,,Closed
ERTS-2023-001366,2023-12-07T16:20:00Z,,Fishing vessel bilge discharge produced intermittent sheen near dock.,47.15826,-119.27208,Moses Lake,Moses Lake,Grant,Fresh Water,Oily bilge water,28.9,17.2,Vessel,Salish Sea Charters,Closed
ERTS-2023-001371,2023-05-13T10:29:00Z,2023-05-12T18:01:00Z,Fuel tank rupture after vehicle left roadway; contaminated soil excavated.,46.07755,-118.36030,Walla Walla,,Walla Walla,Land,Hydraulic oil,37.1,,Vehicle,North Sound Excavation,Closed
ERTS-2023-001375,2023-02-02T12:17:00Z,2023-01-31T14:22:00Z,Valve gasket failure during product transfer; spill contained on paved apron.,47.56961,-122.36910,"Harbor Island, Seattle",Duwamish Waterway,King,Marine Water,Jet fuel (Jet-A),1.3,0.5,Facility,Salish Sea Charters,Closed
ERTS-2023-001376,2023-09-07T13:19:00Z,2023-09-05T18:27:00Z,Stormwater outfall sheen traced to facility oil-water separator bypass.,48.72941,-122.48855,Bellingham Bay,Bellingham Bay,Whatcom,Land,Diesel fuel,,,Facility,Puget Terminal Operations LLC,Closed
ERTS-2023-001377,2023-03-05T19:24:00Z,,Reported sheen of unknown origin; source investigation ongoing.,46.30582,-123.99258,Ilwaco,Columbia River,Pacific,Marine Water,Unknown oil sheen,38.6,25.0,Unknown,,Closed
ERTS-2023-001381,2023-01-23T09:48:00Z,,Transfer line drip at terminal loading rack; contained within secondary containment.,46.18087,-122.98274,Longview,Columbia River,Cowlitz,Fresh Water,Diesel fuel,1.5,,Facility,Orca Bay Seafoods Processing,Closed
ERTS-2023-001385,2023-04-17T07:13:00Z,,Semi-truck saddle tank punctured in collision; fuel reached roadside ditch.,,,Vancouver waterfront,Columbia River,Clark,Fresh Water,Diesel fuel,37.6,,Vehicle,Puget Terminal Operations LLC,Closed
ERTS-2023-001388,2023-09-13T09:20:00Z,,Stormwater outfall sheen traced to facility oil-water separator bypass.,46.18868,-119.16079,Kennewick,Columbia River,Benton,Groundwater,Diesel fuel,,,Facility,Cascadia Marine Services LLC,Closed
ERTS-2023-001394,2023-01-01T19:57:00Z,2023-01-01T10:47:00Z,Fishing vessel bilge discharge produced intermittent sheen near dock.,48.16054,-123.43446,Port Angeles Harbor,Strait of Juan de Fuca,Clallam,Land,Diesel fuel,48.2,25.3,Vessel,North Sound Excavation,Closed
ERTS-2023-001396,2023-07-14T16:39:00Z,,Semi-truck saddle tank punctured in collision; fuel reached roadside ditch.,46.95266,-120.55428,"I-90, Ellensburg",,Kittitas,Groundwater,Diesel fuel,3.9,,Vehicle,Puget Terminal Operations LLC,Closed
ERTS-2023-001401,2023-07-14T08:03:00Z,2023-07-13T10:05:00Z,Stormwater outfall sheen traced to facility oil-water separator bypass.,45.60178,-122.67204,Vancouver waterfront,Columbia River,Clark,Land,Untreated wastewater,1.3,,Facility,,Closed
ERTS-2023-001402,2023-11-24T13:22:00Z,2023-11-24T01:47:00Z,Valve gasket failure during product transfer; spill contained on paved apron.,46.95494,-123.82336,"Grays Harbor, Aberdeen",Grays Harbor,Grays Harbor,Marine Water,Crude oil,0.4,,Facility,Selkirk Rail Services,Closed
ERTS-2023-001405,2023-12-14T16:39:00Z,2023-12-13T10:58:00Z,Fishing vessel bilge discharge produced intermittent sheen near dock.,48.53557,-122.98837,Friday Harbor,San Juan Channel,San Juan,Marine Water,Oily bilge water,10.6,6.6,Vessel,,Closed
ERTS-2023-001408,2023-07-04T11:02:00Z,2023-07-04T10:23:00Z,Mystery sheen observed by ferry crew; drift modeling requested.,47.07015,-122.94479,"Budd Inlet, Olympia",Budd Inlet,Thurston,Marine Water,Unknown oil sheen,2.5,1.1,Unknown,Unknown,Closed
ERTS-2023-001411,2023-06-14T07:47:00Z,2023-06-13T06:56:00Z,Hydraulic line failure on excavator released fluid to gravel staging area.,47.02189,-120.55049,"I-90, Ellensburg",,Kittitas,Land,Diesel fuel,411.9,140.1,Vehicle,Puget Terminal Operations LLC,Closed
ERTS-2023-001415,2023-07-09T10:01:00Z,2023-07-08T23:56:00Z,Fishing vessel bilge discharge produced intermittent sheen near dock.,,,Neah Bay,Strait of Juan de Fuca,Clallam,Marine Water,Gasoline,,,Vessel,Cascadia Marine Services LLC,Closed
ERTS-2023-001420,2023-05-14T16:34:00Z,2023-05-14T08:15:00Z,Reported sheen of unknown origin; source investigation ongoing.,47.96642,-122.18488,"Port Gardner, Everett",Port Gardner Bay,Snohomish,Marine Water,Unknown oil sheen,21.3,5.8,Unknown,,Closed
ERTS-2023-001426,2023-12-25T06:47:00Z,,Transfer line drip at terminal loading rack; contained within secondary containment.,47.63890,-117.38662,Spokane River,Spokane River,Spokane,Fresh Water,Bunker C (No. 6 fuel oil),4.7,,Facility,Unknown,Closed
ERTS-2023-001429,2023-07-05T09:52:00Z,2023-07-04T18:44:00Z,Sheen observed alongside moored lube oil source vessel; boom deployed by responding crew.,46.25922,-119.16251,Kennewick,Columbia River,Benton,Fresh Water,Lube oil,,,Vessel,Evergreen Freight Lines,Closed
ERTS-2023-001430,2023-06-30T12:08:00Z,,Fishing vessel bilge discharge produced intermittent sheen near dock.,,,"March Point, Anacortes",Fidalgo Bay,Skagit,Marine Water,Bunker C (No. 6 fuel oil),2.5,,Vessel,Chinook Petroleum Distributors,Closed
ERTS-2023-001435,2023-10-24T07:02:00Z,2023-10-22T22:41:00Z,Stormwater outfall sheen traced to facility oil-water separator bypass.,47.18870,-123.11776,"Oakland Bay, Shelton",Oakland Bay,Mason,Marine Water,Bunker C (No. 6 fuel oil),4.7,0.8,Facility,Selkirk Rail Services,Closed
ERTS-2023-001440,2023-10-27T17:50:00Z,,Sheen observed alongside moored hydraulic oil source vessel; boom deployed by responding crew.,45.66317,-122.70967,Vancouver waterfront,Columbia River,Clark,Fresh Water,Hydraulic oil,106.5,61.9,Vessel,Columbia Basin Transport,Closed
ERTS-2023-001445,2023-10-03T07:33:00Z,2023-10-01T13:38:00Z,Recreational vessel reported taking on water; visible sheen at marina slip.,46.34387,-124.07233,Ilwaco,Columbia River,Pacific,Marine Water,Diesel fuel,6891.4,5270.8,Vessel,Chinook Petroleum Distributors,Closed
ERTS-2023-001449,2023-03-18T10:38:00Z,,Hydraulic line failure on excavator released fluid to gravel staging area.,47.64175,-122.18832,"Lake Washington, Bellevue",Lake Washington,King,Fresh Water,Hydraulic oil,4.5,3.1,Vehicle,Unknown,Closed
ERTS-2023-001453,2023-04-17T13:15:00Z,2023-04-17T07:54:00Z,Recreational vessel reported taking on water; visible sheen at marina slip.,47.22525,-122.46049,"Commencement Bay, Tacoma",Commencement Bay,Pierce,Marine Water,Hydraulic oil,215.0,157.7,Vessel,Puget Terminal Operations LLC,Closed
ERTS-2023-001454,2023-02-09T07:26:00Z,,Fishing vessel bilge discharge produced intermittent sheen near dock.,47.56371,-122.34722,"Harbor Island, Seattle",Duwamish Waterway,King,Marine Water,Gasoline,47.3,14.2,Vessel,Columbia Basin Transport,Closed
ERTS-2023-001457,2023-12-23T10:14:00Z,2023-12-22T16:02:00Z,"Fuel overflow during vessel bunkering; absorbent pads applied, transfer halted.",46.56201,-120.48236,Yakima River,Yakima River,Yakima,Fresh Water,Diesel fuel,,,Vessel,Evergreen Freight Lines,Closed
ERTS-2023-001462,2023-08-30T11:27:00Z,2023-08-29T05:37:00Z,Reported sheen of unknown origin; source investigation ongoing.,47.03264,-122.86033,"Budd Inlet, Olympia",Budd Inlet,Thurston,Land,Unknown oil sheen,2044.5,559.8,Unknown,,Referred To Other Agency
ERTS-2023-001466,2023-05-20T14:47:00Z,2023-05-19T08:24:00Z,Recreational vessel reported taking on water; visible sheen at marina slip.,47.29165,-122.44286,"Commencement Bay, Tacoma",Commencement Bay,Pierce,Marine Water,Hydraulic oil,14.1,8.4,Vessel,North Sound Excavation,Closed
ERTS-2023-001470,2023-06-07T11:39:00Z,2023-06-06T12:01:00Z,Valve gasket failure during product transfer; spill contained on paved apron.,48.75218,-122.46243,Bellingham Bay,Bellingham Bay,Whatcom,Marine Water,Diesel fuel,4.9,1.8,Facility,Puget Terminal Operations LLC,Closed
ERTS-2023-001476,2023-02-05T16:31:00Z,,"Fuel overflow during vessel bunkering; absorbent pads applied, transfer halted.",47.30233,-122.43375,"Commencement Bay, Tacoma",Commencement Bay,Pierce,Marine Water,Oily bilge water,1.8,1.5,Vessel,Cascadia Marine Services LLC,Closed
ERTS-2023-001482,2023-09-16T11:11:00Z,,Valve gasket failure during product transfer; spill contained on paved apron.,47.55943,-122.32751,"Harbor Island, Seattle",Duwamish Waterway,King,Marine Water,Bunker C (No. 6 fuel oil),3.8,3.0,Facility,Columbia Basin Transport,Closed
ERTS-2023-001486,2023-09-02T10:34:00Z,2023-09-02T00:42:00Z,Stormwater outfall sheen traced to facility oil-water separator bypass.,46.69478,-122.93088,"I-5 corridor, Centralia",,Lewis,Land,Untreated wastewater,0.4,0.3,Facility,,Closed
ERTS-2023-001492,2023-03-04T11:31:00Z,,Recreational vessel reported taking on water; visible sheen at marina slip.,46.30745,-123.99844,Ilwaco,Columbia River,Pacific,Marine Water,Bunker C (No. 6 fuel oil),223.7,8.9,Vessel,Pacific Crest Fuels Inc.,Closed
ERTS-2023-001493,2023-05-02T06:12:00Z,2023-04-30T23:15:00Z,Recreational vessel reported taking on water; visible sheen at marina slip.,48.00034,-122.21509,"Port Gardner, Everett",Port Gardner Bay,Snohomish,Marine Water,Lube oil,,,Vessel,Selkirk Rail Services,Closed
ERTS-2023-001494,2023-08-24T15:42:00Z,2023-08-24T12:13:00Z,Stormwater outfall sheen traced to facility oil-water separator bypass.,47.52655,-122.60791,"Sinclair Inlet, Bremerton",Sinclair Inlet,Kitsap,Marine Water,Diesel fuel,0.7,,Facility,Columbia Basin Transport,Closed
ERTS-2023-001499,2023-11-13T11:32:00Z,,Fishing vessel bilge discharge produced intermittent sheen near dock.,47.21745,-123.11594,"Oakland Bay, Shelton",Oakland Bay,Mason,Marine Water,Hydraulic oil,3.8,0.5,Vessel,,Referred To Other Agency
ERTS-2023-001501,2023-10-07T09:10:00Z,2023-10-06T18:00:00Z,Hydraulic line failure on excavator released fluid to gravel staging area.,46.24402,-119.11261,Kennewick,Columbia River,Benton,Fresh Water,Gasoline,19.7,5.6,Vehicle,Chinook Petroleum Distributors,Closed
ERTS-2023-001503,2023-11-11T17:02:00Z,2023-11-10T04:56:00Z,Sheen observed alongside moored oily bilge water source vessel; boom deployed by responding crew.,47.59275,-122.63036,"Sinclair Inlet, Bremerton",Sinclair Inlet,Kitsap,Marine Water,Oily bilge water,25.0,11.5,Vessel,,Closed
ERTS-2023-001508,2023-02-21T11:05:00Z,2023-02-20T22:50:00Z,Tank overfill alarm failure led to release at bulk fuel facility; vacuum truck dispatched.,47.58351,-122.32114,"Harbor Island, Seattle",Duwamish Waterway,King,Marine Water,Untreated wastewater,4.4,,Facility,Salish Sea Charters,Closed
ERTS-2023-001514,2023-03-31T19:40:00Z,2023-03-30T08:04:00Z,Fishing vessel bilge discharge produced intermittent sheen near dock.,48.01221,-122.18041,"Port Gardner, Everett",Port Gardner Bay,Snohomish,Marine Water,Gasoline,3.1,1.8,Vessel,Puget Terminal Operations LLC,Closed
ERTS-2023-001518,2023-01-04T13:17:00Z,2023-01-03T10:12:00Z,Passerby reported petroleum odor and discoloration; no source located.,47.62726,-122.18236,"Lake Washington, Bellevue",Lake Washington,King,Fresh Water,Unknown oil sheen,99.8,,Unknown,Unknown,Closed
ERTS-2023-001524,2023-08-24T17:37:00Z,2023-08-23T15:47:00Z,"Fuel overflow during vessel bunkering; absorbent pads applied, transfer halted.",47.59632,-122.16426,"Lake Washington, Bellevue",Lake Washington,King,Fresh Water,Oily bilge water,1.4,0.3,Vessel,Salish Sea Charters,Closed
ERTS-2023-001527,2023-07-27T12:04:00Z,,Tank overfill alarm failure led to release at bulk fuel facility; vacuum truck dispatched.,47.25613,-122.43219,"Commencement Bay, Tacoma",Commencement Bay,Pierce,Marine Water,Crude oil,0.4,,Facility,,Closed
ERTS-2023-001533,2023-02-02T08:03:00Z,2023-02-01T17:54:00Z,Tank overfill alarm failure led to release at bulk fuel facility; vacuum truck dispatched.,47.59615,-122.63966,"Sinclair Inlet, Bremerton",Sinclair Inlet,Kitsap,Marine Water,Sodium hydroxide solution,3.7,3.2,Facility,Chinook Petroleum Distributors,Closed
ERTS-2023-001536,2023-12-15T16:06:00Z,2023-12-14T21:27:00Z,Overturned tanker trailer released product to highway shoulder; lanes closed during cleanup.,,,"US-2, Douglas County",,Douglas,Land,Diesel fuel,4.2,1.5,Vehicle,,Closed
ERTS-2023-001540,2023-07-25T08:46:00Z,2023-07-24T03:09:00Z,Hydraulic line failure on excavator released fluid to gravel staging area.,46.07353,-118.36268,Walla Walla,,Walla Walla,Air,Diesel fuel,5.0,,Vehicle,Salish Sea Charters,Closed
ERTS-2023-001545,2023-09-08T15:11:00Z,2023-09-07T10:32:00Z,Overturned tanker trailer released product to highway shoulder; lanes closed during cleanup.,46.98560,-120.58953,"I-90, Ellensburg",,Kittitas,Land,Hydraulic oil,3.0,0.3,Vehicle,Puget Terminal Operations LLC,Closed
ERTS-2023-001551,2023-11-28T08:31:00Z,,Fuel tank rupture after vehicle left roadway; contaminated soil excavated.,,,Spokane River,Spokane River,Spokane,Groundwater,Hydraulic oil,4.9,1.0,Vehicle,Evergreen Freight Lines,Closed
ERTS-2023-001553,2023-02-17T14:42:00Z,2023-02-15T23:19:00Z,Overturned tanker trailer released product to highway shoulder; lanes closed during cleanup.,47.62023,-117.39989,Spokane River,Spokane River,Spokane,Fresh Water,Gasoline,2208.0,1432.1,Vehicle,Unknown,Closed
ERTS-2023-001557,2023-04-14T07:46:00Z,2023-04-12T18:16:00Z,Stormwater outfall sheen traced to facility oil-water separator bypass.,48.00449,-122.18996,"Port Gardner, Everett",Port Gardner Bay,Snohomish,Marine Water,Diesel fuel,3.0,0.4,Facility,Rainier Towing & Barge Co.,Referred To Other Agency
ERTS-2023-001562,2023-11-24T14:05:00Z,2023-11-23T01:21:00Z,Reported sheen of unknown origin; source investigation ongoing.,46.61320,-120.47616,Yakima River,Yakima River,Yakima,Fresh Water,Unknown oil sheen,4.4,1.5,Unknown,,Referred To Other Agency
ERTS-2023-001565,2023-05-19T19:28:00Z,,Mystery sheen observed by ferry crew; drift modeling requested.,47.30217,-122.42918,"Commencement Bay, Tacoma",Commencement Bay,Pierce,Marine Water,Unknown oil sheen,1.4,,Unknown,,Closed
ERTS-2023-001568,2023-11-03T09:25:00Z,2023-11-02T23:21:00Z,"Fuel overflow during vessel bunkering; absorbent pads applied, transfer halted.",47.28149,-122.39456,"Commencement Bay, Tacoma",Commencement Bay,Pierce,Marine Water,Diesel fuel,1.2,0.6,Vessel,Selkirk Rail Services,Closed
ERTS-2023-001570,2023-05-16T11:48:00Z,2023-05-15T11:55:00Z,Overturned tanker trailer released product to highway shoulder; lanes closed during cleanup.,46.98510,-120.55775,"I-90, Ellensburg",,Kittitas,Land,Motor oil,27.6,3.1,Vehicle,Columbia Basin Transport,Closed
ERTS-2023-001575,2023-10-04T15:24:00Z,2023-10-04T07:53:00Z,Semi-truck saddle tank punctured in collision; fuel reached roadside ditch.,47.62434,-122.17448,"Lake Washington, Bellevue",Lake Washington,King,Fresh Water,Motor oil,0.6,0.1,Vehicle,Rainier Towing & Barge Co.,Closed
ERTS-2023-001576,2023-06-03T14:54:00Z,2023-06-02T09:23:00Z,Sheen observed alongside moored oily bilge water source vessel; boom deployed by responding crew.,48.46067,-122.59593,"March Point, Anacortes",Fidalgo Bay,Skagit,Land,Oily bilge water,4.4,,Vessel,Cascadia Marine Services LLC,Closed
ERTS-2023-001582,2023-08-17T12:42:00Z,2023-08-15T18:59:00Z,Hydraulic line failure on excavator released fluid to gravel staging area.,46.02583,-118.36129,Walla Walla,,Walla Walla,Land,Antifreeze (ethylene glycol),2.1,,Vehicle,Selkirk Rail Services,Closed
ERTS-2023-001588,2023-04-26T12:29:00Z,2023-04-25T05:57:00Z,Transfer line drip at terminal loading rack; contained within secondary containment.,47.56967,-122.39425,"Harbor Island, Seattle",Duwamish Waterway,King,Marine Water,Crude oil,0.7,0.1,Facility,Unknown,Closed
ERTS-2023-001591,2023-11-09T13:08:00Z,2023-11-08T03:27:00Z,Sheen observed alongside moored bunker c (no. 6 fuel oil) source vessel; boom deployed by responding crew.,48.49379,-123.04857,Friday Harbor,San Juan Channel,San Juan,Marine Water,Bunker C (No. 6 fuel oil),15.7,3.3,Vessel,Selkirk Rail Services,Closed
ERTS-2023-001593,2023-07-19T09:05:00Z,2023-07-17T13:34:00Z,Sheen observed alongside moored diesel fuel source vessel; boom deployed by responding crew.,45.63203,-122.65603,Vancouver waterfront,Columbia River,Clark,Land,Diesel fuel,,,Vessel,Selkirk Rail Services,Closed
ERTS-2023-001597,2023-01-28T08:46:00Z,2023-01-26T11:03:00Z,Stormwater outfall sheen traced to facility oil-water separator bypass.,46.23780,-119.11551,Kennewick,Columbia River,Benton,Fresh Water,Diesel fuel,3.2,,Facility,Rainier Towing & Barge Co.,Closed
ERTS-2023-001603,2023-05-18T08:11:00Z,2023-05-17T14:52:00Z,Semi-truck saddle tank punctured in collision; fuel reached roadside ditch.,46.23029,-119.12637,Kennewick,Columbia River,Benton,Fresh Water,Antifreeze (ethylene glycol),73.0,,Vehicle,,Closed
ERTS-2023-001604,2023-07-06T07:45:00Z,2023-07-06T04:01:00Z,Valve gasket failure during product transfer; spill contained on paved apron.,48.74871,-122.50618,Bellingham Bay,Bellingham Bay,Whatcom,Marine Water,Bunker C (No. 6 fuel oil),2.8,,Facility,Chinook Petroleum Distributors,Closed
ERTS-2023-001606,2023-07-23T17:31:00Z,2023-07-23T13:20:00Z,Transfer line drip at terminal loading rack; contained within secondary containment.,47.65740,-117.38185,Spokane River,Spokane River,Spokane,Groundwater,Bunker C (No. 6 fuel oil),1536.2,365.0,Facility,Pacific Crest Fuels Inc.,Referred To Other Agency
ERTS-2023-001608,2023-05-23T10:26:00Z,2023-05-22T08:27:00Z,Transfer line drip at terminal loading rack; contained within secondary containment.,48.12763,-122.78185,Port Townsend,Admiralty Inlet,Jefferson,Marine Water,Crude oil,226.8,25.3,Facility,Puget Terminal Operations LLC,Closed
ERTS-2023-001609,2023-02-02T17:30:00Z,2023-02-01T04:46:00Z,Fishing vessel bilge discharge produced intermittent sheen near dock.,47.55797,-122.32060,"Harbor Island, Seattle",Duwamish Waterway,King,Marine Water,Hydraulic oil,4.3,1.7,Vessel,Chinook Petroleum Distributors,Closed
ERTS-2023-001611,2023-11-28T09:44:00Z,2023-11-26T19:01:00Z,Mystery sheen observed by ferry crew; drift modeling requested.,47.13521,-119.27480,Moses Lake,Moses Lake,Grant,Fresh Water,Unknown oil sheen,0.4,0.1,Unknown,,Closed
ERTS-2023-001614,2023-11-19T15:05:00Z,2023-11-19T03:23:00Z,Pressure drop triggered line shutdown; product released at valve station.,46.98553,-123.76471,"Grays Harbor, Aberdeen",Grays Harbor,Grays Harbor,Marine Water,Jet fuel (Jet-A),4.9,,Pipeline,Rainier Towing & Barge Co.,Closed
ERTS-2023-001619,2023-12-05T13:33:00Z,,Transfer line drip at terminal loading rack; contained within secondary containment.,45.65304,-121.87430,"SR-14, Skamania",Columbia River,Skamania,Fresh Water,Sodium hydroxide solution,229.1,,Facility,Unknown,Closed
ERTS-2023-001621,2023-01-12T08:45:00Z,,Passerby reported petroleum odor and discoloration; no source located.,47.17147,-119.30682,Moses Lake,Moses Lake,Grant,Land,Mystery sheen,2.1,,Unknown,Unknown,Closed
ERTS-2023-001626,2023-05-08T16:34:00Z,2023-05-07T10:25:00Z,Overturned tanker trailer released product to highway shoulder; lanes closed during cleanup.,46.17580,-119.14596,Kennewick,Columbia River,Benton,Land,Hydraulic oil,25.9,,Vehicle,Columbia Basin Transport,Closed
ERTS-2023-001631,2023-09-21T14:57:00Z,2023-09-21T14:08:00Z,Fishing vessel bilge discharge produced intermittent sheen near dock.,47.30584,-122.37729,"Commencement Bay, Tacoma",Commencement Bay,Pierce,Marine Water,Diesel fuel,3.7,1.1,Vessel,Selkirk Rail Services,Closed
ERTS-2023-001632,2023-09-29T07:35:00Z,,Overturned tanker trailer released product to highway shoulder; lanes closed during cleanup.,46.14184,-122.92878,Longview,Columbia River,Cowlitz,Groundwater,Motor oil,426.8,76.4,Vehicle,,Closed
ERTS-2023-001636,2023-04-26T14:16:00Z,2023-04-26T01:40:00Z,Overturned tanker trailer released product to highway shoulder; lanes closed during cleanup.,46.04696,-118.37585,Walla Walla,,Walla Walla,Land,Antifreeze (ethylene glycol),277.5,47.8,Vehicle,,Closed
ERTS-2023-001638,2023-08-16T09:43:00Z,2023-08-14T22:46:00Z,Recreational vessel reported taking on water; visible sheen at marina slip.,47.99166,-122.25139,"Port Gardner, Everett",Port Gardner Bay,Snohomish,Marine Water,Diesel fuel,4.5,3.5,Vessel,Salish Sea Charters,Closed
ERTS-2023-001644,2023-01-03T08:35:00Z,2023-01-02T02:48:00Z,Sheen observed alongside moored hydraulic oil source vessel; boom deployed by responding crew.,48.07293,-122.75860,Port Townsend,Admiralty Inlet,Jefferson,Marine Water,Hydraulic oil,4.8,2.3,Vessel,Selkirk Rail Services,Closed
ERTS-2023-001650,2023-11-12T19:58:00Z,2023-11-11T05:10:00Z,Sheen observed alongside moored lube oil source vessel; boom deployed by responding crew.,47.09316,-119.26138,Moses Lake,Moses Lake,Grant,Fresh Water,Lube oil,4.8,,Vessel,Rainier Towing & Barge Co.,Closed
ERTS-2023-001652,2023-06-28T10:05:00Z,2023-06-28T06:11:00Z,Valve gasket failure during product transfer; spill contained on paved apron.,46.67659,-122.94676,"I-5 corridor, Centralia",,Lewis,Groundwater,Bunker C (No. 6 fuel oil),,,Facility,Unknown,Closed
ERTS-2023-001657,2023-10-24T08:44:00Z,,Valve gasket failure during product transfer; spill contained on paved apron.,,,Ilwaco,Columbia River,Pacific,Marine Water,Bunker C (No. 6 fuel oil),31.9,6.4,Facility,,Closed
ERTS-2023-001661,2023-06-10T16:18:00Z,2023-06-10T14:39:00Z,Valve gasket failure during product transfer; spill contained on paved apron.,48.46162,-122.60082,"March Point, Anacortes",Fidalgo Bay,Skagit,Marine Water,Bunker C (No. 6 fuel oil),2.6,1.5,Facility,Orca Bay Seafoods Processing,Closed
ERTS-2023-001666,2023-02-06T06:39:00Z,,Stormwater outfall sheen traced to facility oil-water separator bypass.,47.53713,-122.35017,"Harbor Island, Seattle",Duwamish Waterway,King,Marine Water,Crude oil,,,Facility,Olympic Peninsula Logging Co.,Referred To Other Agency
ERTS-2023-001668,2023-05-29T19:56:00Z,,Valve gasket failure during product transfer; spill contained on paved apron.,46.27465,-123.98908,Ilwaco,Columbia River,Pacific,Marine Water,Bunker C (No. 6 fuel oil),4.8,3.0,Facility,Cascadia Marine Services LLC,Closed
ERTS-2023-001673,2023-02-06T15:52:00Z,2023-02-04T21:04:00Z,Tank overfill alarm failure led to release at bulk fuel facility; vacuum truck dispatched.,47.56582,-122.30597,"Harbor Island, Seattle",Duwamish Waterway,King,Marine Water,Diesel fuel,1.0,0.0,Facility,Pacific Crest Fuels Inc.,Closed
ERTS-2023-001675,2023-04-10T14:44:00Z,2023-04-10T12:01:00Z,Overturned tanker trailer released product to highway shoulder; lanes closed during cleanup.,46.18599,-119.13013,Kennewick,Columbia River,Benton,Fresh Water,Diesel fuel,1.6,0.0,Vehicle,Cascadia Marine Services LLC,Closed
ERTS-2023-001679,2023-02-15T09:14:00Z,2023-02-13T13:20:00Z,Stormwater outfall sheen traced to facility oil-water separator bypass.,,,"I-5 corridor, Centralia",,Lewis,Land,Diesel fuel,54.4,,Facility,Orca Bay Seafoods Processing,Closed
ERTS-2023-001684,2023-01-07T18:38:00Z,2023-01-06T15:07:00Z,Sheen observed alongside moored lube oil source vessel; boom deployed by responding crew.,47.57734,-122.60131,"Sinclair Inlet, Bremerton",Sinclair Inlet,Kitsap,Marine Water,Lube oil,17.0,7.8,Vessel,,Closed
ERTS-2023-001689,2023-05-23T14:04:00Z,2023-05-22T10:27:00Z,Pressure drop triggered line shutdown; product released at valve station.,48.14711,-123.46757,Port Angeles Harbor,Strait of Juan de Fuca,Clallam,Marine Water,Jet fuel (Jet-A),2.4,1.6,Pipeline,Rainier Towing & Barge Co.,Referred To Other Agency
ERTS-2024-001395,2024-01-20T18:58:00Z,2024-01-19T11:57:00Z,Reported sheen of unknown origin; source investigation ongoing.,47.56447,-122.37231,"Harbor Island, Seattle",Duwamish Waterway,King,Marine Water,Unknown oil sheen,,,Unknown,Unknown,Closed
ERTS-2024-001400,2024-06-30T15:29:00Z,2024-06-28T18:20:00Z,Stormwater outfall sheen traced to facility oil-water separator bypass.,47.38579,-120.34373,Wenatchee,Columbia River,Chelan,Land,Sodium hydroxide solution,128.6,,Facility,Salish Sea Charters,Closed
ERTS-2024-001403,2024-11-26T11:37:00Z,2024-11-25T10:15:00Z,Stormwater outfall sheen traced to facility oil-water separator bypass.,47.01866,-122.90437,"Budd Inlet, Olympia",Budd Inlet,Thurston,Marine Water,Diesel fuel,,,Facility,Orca Bay Seafoods Processing,Closed
ERTS-2024-001409,2024-08-04T17:02:00Z,2024-08-04T00:01:00Z,Third-party excavation strike on distribution line; area evacuated during repair.,47.58265,-122.33961,"Harbor Island, Seattle",Duwamish Waterway,King,Marine Water,Diesel fuel,1.5,0.4,Pipeline,Salish Sea Charters,Closed
ERTS-2024-001413,2024-03-11T10:10:00Z,2024-03-10T13:53:00Z,Transfer line drip at terminal loading rack; contained within secondary containment.,47.55748,-122.37647,"Harbor Island, Seattle",Duwamish Waterway,King,Marine Water,Crude oil,2954.3,594.7,Facility,Cascadia Marine Services LLC,Closed
ERTS-2024-001418,2024-08-23T15:13:00Z,,Rail car fitting leak discovered during yard inspection; drip pans placed.,46.07142,-118.36626,Walla Walla,,Walla Walla,Groundwater,Lube oil,11.6,,Rail Car,Olympic Peninsula Logging Co.,Closed
ERTS-2024-001424,2024-11-06T16:11:00Z,2024-11-05T15:09:00Z,Tank overfill alarm failure led to release at bulk fuel facility; vacuum truck dispatched.,47.96009,-122.25974,"Port Gardner, Everett",Port Gardner Bay,Snohomish,Marine Water,Crude oil,,,Facility,,Closed
ERTS-2024-001426,2024-06-05T16:12:00Z,2024-06-04T09:09:00Z,Semi-truck saddle tank punctured in collision; fuel reached roadside ditch.,47.02388,-120.56175,"I-90, Ellensburg",,Kittitas,Land,Diesel fuel,,,Vehicle,,Closed
ERTS-2024-001429,2024-10-11T08:43:00Z,2024-10-09T13:44:00Z,Locomotive fuel tank seep along mainline; ballast contamination noted.,47.03355,-120.57789,"I-90, Ellensburg",,Kittitas,Land,Diesel fuel,4.1,,Rail Car,Cascadia Marine Services LLC,Closed
ERTS-2024-001430,2024-03-26T15:13:00Z,2024-03-25T04:40:00Z,Pressure drop triggered line shutdown; product released at valve station.,47.95659,-122.22170,"Port Gardner, Everett",Port Gardner Bay,Snohomish,Marine Water,Gasoline,4.4,,Pipeline,Orca Bay Seafoods Processing,Closed
ERTS-2024-001431,2024-12-07T12:12:00Z,2024-12-05T22:17:00Z,Tank overfill alarm failure led to release at bulk fuel facility; vacuum truck dispatched.,48.54101,-122.59240,"March Point, Anacortes",Fidalgo Bay,Skagit,Marine Water,Untreated wastewater,2.1,0.7,Facility,Evergreen Freight Lines,Closed
ERTS-2024-001437,2024-10-25T13:43:00Z,2024-10-24T05:51:00Z,Tank overfill alarm failure led to release at bulk fuel facility; vacuum truck dispatched.,46.97258,-120.58035,"I-90, Ellensburg",,Kittitas,Groundwater,Bunker C (No. 6 fuel oil),7.4,6.0,Facility,,Closed
ERTS-2024-001440,2024-07-12T08:36:00Z,,Fishing vessel bilge discharge produced intermittent sheen near dock.,48.85563,-122.74640,"Cherry Point, Ferndale",Strait of Georgia,Whatcom,Marine Water,Oily bilge water,,,Vessel,,Closed
ERTS-2024-001445,2024-08-27T07:25:00Z,,Fishing vessel bilge discharge produced intermittent sheen near dock.,48.49378,-122.97813,Friday Harbor,San Juan Channel,San Juan,Marine Water,Diesel fuel,29.6,4.9,Vessel,Columbia Basin Transport,Closed
ERTS-2024-001449,2024-05-19T07:09:00Z,2024-05-19T06:09:00Z,Fishing vessel bilge discharge produced intermittent sheen near dock.,47.95213,-122.25955,"Port Gardner, Everett",Port Gardner Bay,Snohomish,Land,Oily bilge water,0.9,0.8,Vessel,Unknown,Closed
ERTS-2024-001455,2024-02-24T17:30:00Z,2024-02-23T06:36:00Z,Sheen observed alongside moored oily bilge water source vessel; boom deployed by responding crew.,45.64158,-122.64121,Vancouver waterfront,Columbia River,Clark,Groundwater,Oily bilge water,,,Vessel,Salish Sea Charters,Closed
ERTS-2024-001458,2024-07-08T17:02:00Z,2024-07-06T20:31:00Z,Overturned tanker trailer released product to highway shoulder; lanes closed during cleanup.,46.11905,-122.97269,Longview,Columbia River,Cowlitz,Fresh Water,Hydraulic oil,,,Vehicle,,Closed
ERTS-2024-001461,2024-04-09T10:39:00Z,,Tank overfill alarm failure led to release at bulk fuel facility; vacuum truck dispatched.,,,Yakima River,Yakima River,Yakima,Fresh Water,Diesel fuel,45.7,36.9,Facility,Unknown,Closed
ERTS-2024-001465,2024-09-30T08:53:00Z,2024-09-30T08:02:00Z,"Fuel overflow during vessel bunkering; absorbent pads applied, transfer halted.",48.50941,-122.60245,"March Point, Anacortes",Fidalgo Bay,Skagit,Marine Water,Hydraulic oil,4.9,,Vessel,,Closed
ERTS-2024-001471,2024-02-02T09:58:00Z,2024-01-31T18:26:00Z,Semi-truck saddle tank punctured in collision; fuel reached roadside ditch.,45.61406,-122.66816,Vancouver waterfront,Columbia River,Clark,Fresh Water,Motor oil,4.3,0.3,Vehicle,Columbia Basin Transport,Closed
ERTS-2024-001474,2024-10-25T15:13:00Z,2024-10-25T06:27:00Z,Tank overfill alarm failure led to release at bulk fuel facility; vacuum truck dispatched.,47.96553,-122.19286,"Port Gardner, Everett",Port Gardner Bay,Snohomish,Marine Water,Untreated wastewater,15.9,7.3,Facility,Olympic Peninsula Logging Co.,Closed
ERTS-2024-001480,2024-06-18T08:11:00Z,2024-06-17T16:26:00Z,Fishing vessel bilge discharge produced intermittent sheen near dock.,47.28849,-122.43283,"Commencement Bay, Tacoma",Commencement Bay,Pierce,Marine Water,Diesel fuel,,,Vessel,Chinook Petroleum Distributors,Closed
ERTS-2024-001484,2024-12-11T14:58:00Z,2024-12-11T02:50:00Z,Tank overfill alarm failure led to release at bulk fuel facility; vacuum truck dispatched.,46.73204,-122.97180,"I-5 corridor, Centralia",,Lewis,Land,Crude oil,293.2,248.3,Facility,Selkirk Rail Services,Closed
ERTS-2024-001487,2024-09-03T09:06:00Z,2024-09-03T03:20:00Z,Valve gasket failure during product transfer; spill contained on paved apron.,48.73531,-122.52209,Bellingham Bay,Bellingham Bay,Whatcom,Land,Diesel fuel,3.3,,Facility,Rainier Towing & Barge Co.,Closed
ERTS-2024-001488,2024-06-06T15:12:00Z,2024-06-06T10:22:00Z,Sheen observed alongside moored hydraulic oil source vessel; boom deployed by responding crew.,48.35064,-124.64285,Neah Bay,Strait of Juan de Fuca,Clallam,Marine Water,Hydraulic oil,1.0,0.2,Vessel,Evergreen Freight Lines,Closed
ERTS-2024-001490,2024-07-17T11:35:00Z,2024-07-15T14:18:00Z,Transfer line drip at terminal loading rack; contained within secondary containment.,46.27362,-123.98654,Ilwaco,Columbia River,Pacific,Marine Water,Untreated wastewater,4.8,0.4,Facility,Olympic Peninsula Logging Co.,Closed
ERTS-2024-001495,2024-08-01T19:40:00Z,2024-08-01T00:31:00Z,"Fuel overflow during vessel bunkering; absorbent pads applied, transfer halted.",47.20997,-123.12393,"Oakland Bay, Shelton",Oakland Bay,Mason,Marine Water,Oily bilge water,2.6,0.4,Vessel,,Closed
ERTS-2024-001499,2024-03-24T08:29:00Z,,Mystery sheen observed by ferry crew; drift modeling requested.,47.53034,-122.30538,"Harbor Island, Seattle",Duwamish Waterway,King,Marine Water,Unknown oil sheen,2.0,0.9,Unknown,,Closed
ERTS-2024-001501,2024-05-13T09:36:00Z,,Reported sheen of unknown origin; source investigation ongoing.,47.38706,-120.30681,Wenatchee,Columbia River,Chelan,Fresh Water,Diesel fuel,42.0,,Unknown,,Closed
ERTS-2024-001502,2024-02-26T19:54:00Z,2024-02-24T21:03:00Z,Fishing vessel bilge discharge produced intermittent sheen near dock.,48.87941,-122.70135,"Cherry Point, Ferndale",Strait of Georgia,Whatcom,Marine Water,Diesel fuel,1.3,0.9,Vessel,Salish Sea Charters,Closed
ERTS-2024-001508,2024-11-15T15:08:00Z,2024-11-13T15:43:00Z,Overturned tanker trailer released product to highway shoulder; lanes closed during cleanup.,46.73181,-122.96935,"I-5 corridor, Centralia",,Lewis,Land,Diesel fuel,451.7,134.6,Vehicle,,Closed
ERTS-2024-001509,2024-06-27T07:06:00Z,2024-06-26T12:48:00Z,"Fuel overflow during vessel bunkering; absorbent pads applied, transfer halted.",46.10646,-122.97221,Longview,Columbia River,Cowlitz,Fresh Water,Diesel fuel,3.8,1.6,Vessel,Chinook Petroleum Distributors,Closed
ERTS-2024-001511,2024-10-17T16:02:00Z,2024-10-16T11:41:00Z,Valve gasket failure during product transfer; spill contained on paved apron.,47.93564,-122.22296,"Port Gardner, Everett",Port Gardner Bay,Snohomish,Marine Water,Crude oil,0.5,,Facility,Salish Sea Charters,Closed
ERTS-2024-001514,2024-09-10T13:03:00Z,,Hydraulic line failure on excavator released fluid to gravel staging area.,46.03622,-118.29528,Walla Walla,,Walla Walla,Land,Gasoline,,,Vehicle,Chinook Petroleum Distributors,Referred To Other Agency
ERTS-2024-001517,2024-03-17T14:13:00Z,2024-03-16T22:21:00Z,Passerby reported petroleum odor and discoloration; no source located.,48.72676,-122.50947,Bellingham Bay,Bellingham Bay,Whatcom,Marine Water,Unknown oil sheen,27.9,,Unknown,,Closed
ERTS-2024-001519,2024-09-26T08:07:00Z,2024-09-25T14:30:00Z,Fishing vessel bilge discharge produced intermittent sheen near dock.,47.19891,-123.12794,"Oakland Bay, Shelton",Oakland Bay,Mason,Land,Hydraulic oil,8.8,,Vessel,Evergreen Freight Lines,Closed
ERTS-2024-001523,2024-01-03T19:30:00Z,,Sheen observed alongside moored gasoline source vessel; boom deployed by responding crew.,46.95042,-123.82891,"Grays Harbor, Aberdeen",Grays Harbor,Grays Harbor,Land,Gasoline,1.1,0.8,Vessel,Pacific Crest Fuels Inc.,Closed
ERTS-2024-001524,2024-08-02T10:38:00Z,2024-08-01T01:48:00Z,Overturned tanker trailer released product to highway shoulder; lanes closed during cleanup.,46.01771,-118.34562,Walla Walla,,Walla Walla,Land,Motor oil,,,Vehicle,North Sound Excavation,Referred To Other Agency
ERTS-2024-001527,2024-01-18T19:34:00Z,2024-01-18T04:11:00Z,Semi-truck saddle tank punctured in collision; fuel reached roadside ditch.,46.55640,-120.48953,Yakima River,Yakima River,Yakima,Fresh Water,Hydraulic oil,22.1,16.8,Vehicle,Evergreen Freight Lines,Closed
ERTS-2024-001528,2024-10-06T06:19:00Z,2024-10-04T16:55:00Z,"Fuel overflow during vessel bunkering; absorbent pads applied, transfer halted.",46.96482,-123.78165,"Grays Harbor, Aberdeen",Grays Harbor,Grays Harbor,Marine Water,Diesel fuel,2.5,1.0,Vessel,Chinook Petroleum Distributors,Closed
ERTS-2024-001530,2024-07-09T11:50:00Z,2024-07-08T17:40:00Z,Fishing vessel bilge discharge produced intermittent sheen near dock.,47.27684,-122.38924,"Commencement Bay, Tacoma",Commencement Bay,Pierce,Marine Water,Hydraulic oil,21.9,5.1,Vessel,Orca Bay Seafoods Processing,Closed
ERTS-2024-001534,2024-12-03T09:37:00Z,2024-12-02T23:53:00Z,Overturned tanker trailer released product to highway shoulder; lanes closed during cleanup.,46.03162,-118.36448,Walla Walla,,Walla Walla,Land,Motor oil,4.7,3.9,Vehicle,,Closed
ERTS-2024-001537,2024-05-20T19:12:00Z,,Sheen observed alongside moored diesel fuel source vessel; boom deployed by responding crew.,47.56723,-122.62600,"Sinclair Inlet, Bremerton",Sinclair Inlet,Kitsap,Marine Water,Diesel fuel,4.9,0.8,Vessel,Selkirk Rail Services,Closed
ERTS-2024-001540,2024-01-29T08:36:00Z,2024-01-28T23:25:00Z,Fuel tank rupture after vehicle left roadway; contaminated soil excavated.,47.61399,-122.15193,"Lake Washington, Bellevue",Lake Washington,King,Fresh Water,Hydraulic oil,45.5,31.2,Vehicle,Cascadia Marine Services LLC,Closed
ERTS-2024-001544,2024-12-03T19:41:00Z,2024-12-02T03:18:00Z,Sheen observed alongside moored diesel fuel source vessel; boom deployed by responding crew.,48.75961,-122.45861,Bellingham Bay,Bellingham Bay,Whatcom,Marine Water,Diesel fuel,,,Vessel,North Sound Excavation,Closed
ERTS-2024-001549,2024-09-14T13:08:00Z,2024-09-13T02:26:00Z,"Fuel overflow during vessel bunkering; absorbent pads applied, transfer halted.",47.61101,-122.35291,"Harbor Island, Seattle",Duwamish Waterway,King,Marine Water,Diesel fuel,2.3,,Vessel,Cascadia Marine Services LLC,Referred To Other Agency
ERTS-2024-001551,2024-08-21T07:49:00Z,2024-08-20T18:45:00Z,Passerby reported petroleum odor and discoloration; no source located.,47.20511,-123.13900,"Oakland Bay, Shelton",Oakland Bay,Mason,Marine Water,Unknown oil sheen,,,Unknown,,Closed
ERTS-2024-001555,2024-03-12T12:27:00Z,2024-03-11T05:34:00Z,Semi-truck saddle tank punctured in collision; fuel reached roadside ditch.,46.05076,-118.36372,Walla Walla,,Walla Walla,Land,Gasoline,1.6,,Vehicle,Columbia Basin Transport,Closed
ERTS-2024-001557,2024-04-21T15:54:00Z,2024-04-20T20:25:00Z,Transfer line drip at terminal loading rack; contained within secondary containment.,46.11687,-122.92671,Longview,Columbia River,Cowlitz,Fresh Water,Untreated wastewater,3.8,,Facility,Evergreen Freight Lines,Closed
ERTS-2024-001558,2024-02-02T12:57:00Z,2024-02-01T20:52:00Z,Valve gasket failure during product transfer; spill contained on paved apron.,46.57902,-120.49324,Yakima River,Yakima River,Yakima,Fresh Water,Diesel fuel,2.1,,Facility,Orca Bay Seafoods Processing,Closed
ERTS-2024-001564,2024-08-16T19:09:00Z,2024-08-15T02:04:00Z,Fishing vessel bilge discharge produced intermittent sheen near dock.,46.64174,-120.53011,Yakima River,Yakima River,Yakima,Fresh Water,Gasoline,10.9,3.1,Vessel,,Closed
ERTS-2024-001568,2024-07-12T12:17:00Z,2024-07-11T16:18:00Z,Mystery sheen observed by ferry crew; drift modeling requested.,46.93308,-123.79410,"Grays Harbor, Aberdeen",Grays Harbor,Grays Harbor,Marine Water,Unknown oil sheen,7.7,,Unknown,Unknown,Referred To Other Agency
ERTS-2024-001572,2024-10-08T13:15:00Z,2024-10-06T22:42:00Z,Mystery sheen observed by ferry crew; drift modeling requested.,47.95094,-122.22937,"Port Gardner, Everett",Port Gardner Bay,Snohomish,Land,Unknown oil sheen,,,Unknown,Unknown,Closed
ERTS-2024-001576,2024-10-14T19:53:00Z,2024-10-13T11:10:00Z,Sheen observed alongside moored diesel fuel source vessel; boom deployed by responding crew.,47.07005,-122.90301,"Budd Inlet, Olympia",Budd Inlet,Thurston,Marine Water,Diesel fuel,8390.8,766.5,Vessel,,Closed
ERTS-2024-001581,2024-12-25T11:04:00Z,,"Fuel overflow during vessel bunkering; absorbent pads applied, transfer halted.",47.58871,-122.15893,"Lake Washington, Bellevue",Lake Washington,King,Fresh Water,Gasoline,2.5,1.5,Vessel,Selkirk Rail Services,Closed
ERTS-2024-001585,2024-07-28T11:02:00Z,2024-07-27T03:09:00Z,Stormwater outfall sheen traced to facility oil-water separator bypass.,,,"Port Gardner, Everett",Port Gardner Bay,Snohomish,Marine Water,Crude oil,3.5,,Facility,Evergreen Freight Lines,Referred To Other Agency
ERTS-2024-001586,2024-04-26T19:29:00Z,2024-04-26T15:33:00Z,Transfer line drip at terminal loading rack; contained within secondary containment.,47.43161,-120.28434,Wenatchee,Columbia River,Chelan,Fresh Water,Jet fuel (Jet-A),0.9,0.4,Facility,Chinook Petroleum Distributors,Closed
ERTS-2024-001592,2024-08-29T12:10:00Z,,Stormwater outfall sheen traced to facility oil-water separator bypass.,45.61227,-122.69807,Vancouver waterfront,Columbia River,Clark,Fresh Water,Diesel fuel,,,Facility,,Closed
ERTS-2024-001593,2024-08-07T08:56:00Z,2024-08-06T12:21:00Z,Stormwater outfall sheen traced to facility oil-water separator bypass.,46.62981,-120.50363,Yakima River,Yakima River,Yakima,Fresh Water,Diesel fuel,46.9,,Facility,Unknown,Closed
ERTS-2024-001594,2024-11-04T13:50:00Z,2024-11-03T20:24:00Z,Tank overfill alarm failure led to release at bulk fuel facility; vacuum truck dispatched.,48.71668,-122.50411,Bellingham Bay,Bellingham Bay,Whatcom,Marine Water,Bunker C (No. 6 fuel oil),2.1,,Facility,,Referred To Other Agency
ERTS-2024-001598,2024-10-15T06:40:00Z,,Recreational vessel reported taking on water; visible sheen at marina slip.,48.15183,-123.42794,Port Angeles Harbor,Strait of Juan de Fuca,Clallam,Marine Water,Oily bilge water,409.9,264.6,Vessel,Cascadia Marine Services LLC,Closed
ERTS-2024-001604,2024-07-22T12:52:00Z,2024-07-22T01:23:00Z,Tank overfill alarm failure led to release at bulk fuel facility; vacuum truck dispatched.,47.55013,-122.32622,"Harbor Island, Seattle",Duwamish Waterway,King,Marine Water,Diesel fuel,3.4,,Facility,Orca Bay Seafoods Processing,Closed
ERTS-2024-001610,2024-02-04T06:40:00Z,,Rail car fitting leak discovered during yard inspection; drip pans placed.,47.68006,-117.39088,Spokane River,Spokane River,Spokane,Fresh Water,Diesel fuel,4.0,,Rail Car,Evergreen Freight Lines,Closed
ERTS-2024-001611,2024-08-26T16:01:00Z,,Tank overfill alarm failure led to release at bulk fuel facility; vacuum truck dispatched.,46.24062,-119.17020,Kennewick,Columbia River,Benton,Fresh Water,Jet fuel (Jet-A),41.7,24.5,Facility,Selkirk Rail Services,Closed
ERTS-2024-001612,2024-04-11T07:24:00Z,,Fishing vessel bilge discharge produced intermittent sheen near dock.,48.73322,-122.52158,Bellingham Bay,Bellingham Bay,Whatcom,Marine Water,Diesel fuel,1.1,0.6,Vessel,Pacific Crest Fuels Inc.,Closed
ERTS-2024-001616,2024-10-08T07:02:00Z,2024-10-07T21:42:00Z,Rail car fitting leak discovered during yard inspection; drip pans placed.,45.60278,-122.68620,Vancouver waterfront,Columbia River,Clark,Land,Crude oil,8980.8,,Rail Car,Chinook Petroleum Distributors,Closed
ERTS-2024-001619,2024-11-13T19:13:00Z,2024-11-13T07:11:00Z,Semi-truck saddle tank punctured in collision; fuel reached roadside ditch.,46.96573,-120.52080,"I-90, Ellensburg",,Kittitas,Land,Diesel fuel,43.1,3.7,Vehicle,Salish Sea Charters,Closed
ERTS-2024-001625,2024-11-25T14:58:00Z,2024-11-25T13:26:00Z,"Fuel overflow during vessel bunkering; absorbent pads applied, transfer halted.",48.51665,-122.56694,"March Point, Anacortes",Fidalgo Bay,Skagit,Marine Water,Lube oil,3.4,0.7,Vessel,Selkirk Rail Services,Closed
ERTS-2024-001628,2024-05-27T14:55:00Z,2024-05-27T03:04:00Z,Overturned tanker trailer released product to highway shoulder; lanes closed during cleanup.,46.05970,-118.37411,Walla Walla,,Walla Walla,Land,Diesel fuel,3.0,1.8,Vehicle,Salish Sea Charters,Referred To Other Agency
ERTS-2024-001632,2024-10-05T12:21:00Z,,Tank overfill alarm failure led to release at bulk fuel facility; vacuum truck dispatched.,47.58802,-122.59877,"Sinclair Inlet, Bremerton",Sinclair Inlet,Kitsap,Marine Water,Untreated wastewater,3.2,,Facility,Selkirk Rail Services,Closed
ERTS-2024-001635,2024-01-27T19:44:00Z,2024-01-26T06:23:00Z,Fishing vessel bilge discharge produced intermittent sheen near dock.,,,Port Townsend,Admiralty Inlet,Jefferson,Marine Water,Hydraulic oil,902.9,348.8,Vessel,Pacific Crest Fuels Inc.,Closed
ERTS-2024-001637,2024-10-30T17:37:00Z,2024-10-29T10:30:00Z,Recreational vessel reported taking on water; visible sheen at marina slip.,47.01090,-123.80638,"Grays Harbor, Aberdeen",Grays Harbor,Grays Harbor,Land,Diesel fuel,44.2,,Vessel,Orca Bay Seafoods Processing,Closed
ERTS-2024-001641,2024-02-16T17:08:00Z,,Recreational vessel reported taking on water; visible sheen at marina slip.,48.88163,-122.73040,"Cherry Point, Ferndale",Strait of Georgia,Whatcom,Marine Water,Hydraulic oil,24.8,17.6,Vessel,,Closed
ERTS-2024-001642,2024-06-29T11:52:00Z,2024-06-27T14:47:00Z,Passerby reported petroleum odor and discoloration; no source located.,,,"Commencement Bay, Tacoma",Commencement Bay,Pierce,Marine Water,Mystery sheen,33.5,,Unknown,,Closed
ERTS-2024-001645,2024-09-16T11:51:00Z,,Tank overfill alarm failure led to release at bulk fuel facility; vacuum truck dispatched.,46.11353,-122.89725,Longview,Columbia River,Cowlitz,Fresh Water,Diesel fuel,327.8,,Facility,North Sound Excavation,Closed
ERTS-2024-001649,2024-04-24T12:18:00Z,2024-04-23T02:06:00Z,Transfer line drip at terminal loading rack; contained within secondary containment.,47.04910,-122.92788,"Budd Inlet, Olympia",Budd Inlet,Thurston,Marine Water,Jet fuel (Jet-A),0.3,0.1,Facility,Selkirk Rail Services,Closed
ERTS-2024-001651,2024-04-12T13:58:00Z,2024-04-11T22:52:00Z,Fuel tank rupture after vehicle left roadway; contaminated soil excavated.,46.72497,-122.96255,"I-5 corridor, Centralia",,Lewis,Land,Motor oil,0.5,,Vehicle,Salish Sea Charters,Closed
ERTS-2024-001655,2024-02-17T09:49:00Z,2024-02-16T03:48:00Z,Third-party excavation strike on distribution line; area evacuated during repair.,48.12790,-123.41429,Port Angeles Harbor,Strait of Juan de Fuca,Clallam,Marine Water,Jet fuel (Jet-A),1.3,,Pipeline,,Closed
ERTS-2024-001661,2024-04-20T07:39:00Z,2024-04-18T22:16:00Z,Sheen observed alongside moored oily bilge water source vessel; boom deployed by responding crew.,47.99289,-122.25372,"Port Gardner, Everett",Port Gardner Bay,Snohomish,Marine Water,Oily bilge water,,,Vessel,Orca Bay Seafoods Processing,Closed
ERTS-2024-001666,2024-05-08T14:07:00Z,2024-05-08T03:47:00Z,Hydraulic line failure on excavator released fluid to gravel staging area.,47.70252,-117.39093,Spokane River,Spokane River,Spokane,Land,Hydraulic oil,3.8,2.8,Vehicle,Puget Terminal Operations LLC,Closed
ERTS-2024-001672,2024-07-15T06:45:00Z,,Fishing vessel bilge discharge produced intermittent sheen near dock.,48.88120,-122.68256,"Cherry Point, Ferndale",Strait of Georgia,Whatcom,Land,Oily bilge water,,,Vessel,Orca Bay Seafoods Processing,Closed
ERTS-2024-001678,2024-10-31T17:30:00Z,2024-10-31T08:14:00Z,"Fuel overflow during vessel bunkering; absorbent pads applied, transfer halted.",48.57487,-122.98079,Friday Harbor,San Juan Channel,San Juan,Marine Water,Lube oil,271.7,,Vessel,Puget Terminal Operations LLC,Closed
ERTS-2024-001679,2024-07-08T18:34:00Z,,Reported sheen of unknown origin; source investigation ongoing.,,,"Sinclair Inlet, Bremerton",Sinclair Inlet,Kitsap,Marine Water,Mystery sheen,2.4,,Unknown,,Closed
ERTS-2024-001682,2024-02-11T16:02:00Z,2024-02-09T23:07:00Z,Overturned tanker trailer released product to highway shoulder; lanes closed during cleanup.,46.22176,-119.14503,Kennewick,Columbia River,Benton,Land,Diesel fuel,473.1,,Vehicle,,Closed
ERTS-2024-001683,2024-03-21T08:09:00Z,2024-03-20T16:31:00Z,Transfer line drip at terminal loading rack; contained within secondary containment.,48.70554,-122.47282,Bellingham Bay,Bellingham Bay,Whatcom,Marine Water,Jet fuel (Jet-A),,,Facility,Unknown,Closed
ERTS-2024-001688,2024-09-18T09:28:00Z,2024-09-18T01:19:00Z,Passerby reported petroleum odor and discoloration; no source located.,47.25124,-123.09624,"Oakland Bay, Shelton",Oakland Bay,Mason,Marine Water,Unknown oil sheen,12.8,3.5,Unknown,,Closed
ERTS-2024-001689,2024-05-01T07:44:00Z,2024-04-30T07:06:00Z,Hydraulic line failure on excavator released fluid to gravel staging area.,46.69325,-122.95227,"I-5 corridor, Centralia",,Lewis,Land,Diesel fuel,1.3,,Vehicle,Cascadia Marine Services LLC,Closed
ERTS-2024-001693,2024-05-07T13:51:00Z,2024-05-05T22:38:00Z,Locomotive fuel tank seep along mainline; ballast contamination noted.,46.68617,-122.97061,"I-5 corridor, Centralia",,Lewis,Groundwater,Diesel fuel,5.0,4.1,Rail Car,Rainier Towing & Barge Co.,Closed
ERTS-2024-001694,2024-05-09T19:33:00Z,2024-05-08T02:53:00Z,Passerby reported petroleum odor and discoloration; no source located.,47.59310,-122.20210,"Lake Washington, Bellevue",Lake Washington,King,Land,Unknown oil sheen,3.3,0.6,Unknown,Unknown,Closed
ERTS-2024-001695,2024-11-10T06:22:00Z,2024-11-10T04:32:00Z,Recreational vessel reported taking on water; visible sheen at marina slip.,48.75769,-122.47497,Bellingham Bay,Bellingham Bay,Whatcom,Land,Oily bilge water,1.2,0.0,Vessel,,Closed
ERTS-2024-001698,2024-01-15T10:27:00Z,,Reported sheen of unknown origin; source investigation ongoing.,47.22653,-122.44927,"Commencement Bay, Tacoma",Commencement Bay,Pierce,Marine Water,Mystery sheen,4.3,,Unknown,Unknown,Closed
ERTS-2024-001701,2024-10-30T07:26:00Z,2024-10-29T02:00:00Z,Tank overfill alarm failure led to release at bulk fuel facility; vacuum truck dispatched.,47.94459,-122.19640,"Port Gardner, Everett",Port Gardner Bay,Snohomish,Marine Water,Diesel fuel,0.7,0.1,Facility,Selkirk Rail Services,Closed
ERTS-2024-001705,2024-03-26T07:19:00Z,2024-03-25T04:32:00Z,Transfer line drip at terminal loading rack; contained within secondary containment.,47.40310,-120.32837,Wenatchee,Columbia River,Chelan,Land,Diesel fuel,0.6,0.4,Facility,Puget Terminal Operations LLC,Closed
ERTS-2024-001708,2024-05-24T07:39:00Z,2024-05-22T08:26:00Z,Hydraulic line failure on excavator released fluid to gravel staging area.,47.69293,-117.44195,Spokane River,Spokane River,Spokane,Fresh Water,Antifreeze (ethylene glycol),,,Vehicle,Puget Terminal Operations LLC,Closed
ERTS-2024-001711,2024-05-24T12:30:00Z,2024-05-24T09:53:00Z,Transfer line drip at terminal loading rack; contained within secondary containment.,47.58552,-122.34138,"Harbor Island, Seattle",Duwamish Waterway,King,Land,Diesel fuel,128.9,,Facility,Rainier Towing & Barge Co.,Closed
ERTS-2024-001716,2024-01-21T12:13:00Z,2024-01-19T22:08:00Z,Fishing vessel bilge discharge produced intermittent sheen near dock.,47.53602,-122.36507,"Harbor Island, Seattle",Duwamish Waterway,King,Marine Water,Lube oil,75.2,6.3,Vessel,,Closed
ERTS-2024-001717,2024-05-31T19:29:00Z,2024-05-30T03:10:00Z,Reported sheen of unknown origin; source investigation ongoing.,48.48401,-122.54888,"March Point, Anacortes",Fidalgo Bay,Skagit,Marine Water,Unknown oil sheen,390.3,205.0,Unknown,,Closed
ERTS-2024-001721,2024-10-12T17:22:00Z,2024-10-12T12:53:00Z,Tank overfill alarm failure led to release at bulk fuel facility; vacuum truck dispatched.,45.59357,-122.69859,Vancouver waterfront,Columbia River,Clark,Fresh Water,Crude oil,5.0,1.0,Facility,Salish Sea Charters,Closed
ERTS-2024-001725,2024-09-07T11:46:00Z,,Recreational vessel reported taking on water; visible sheen at marina slip.,46.31932,-124.00982,Ilwaco,Columbia River,Pacific,Marine Water,Hydraulic oil,50.2,42.6,Vessel,Cascadia Marine Services LLC,Closed
ERTS-2024-001728,2024-10-08T09:59:00Z,,Recreational vessel reported taking on water; visible sheen at marina slip.,47.21775,-123.10392,"Oakland Bay, Shelton",Oakland Bay,Mason,Marine Water,Lube oil,3.5,2.1,Vessel,Pacific Crest Fuels Inc.,Closed
ERTS-2024-001729,2024-12-04T18:40:00Z,2024-12-03T18:57:00Z,Fuel tank rupture after vehicle left roadway; contaminated soil excavated.,47.37905,-120.27334,Wenatchee,Columbia River,Chelan,Fresh Water,Gasoline,45.4,,Vehicle,Columbia Basin Transport,Closed
ERTS-2024-001731,2024-12-29T09:46:00Z,,Reported sheen of unknown origin; source investigation ongoing.,48.52651,-122.55383,"March Point, Anacortes",Fidalgo Bay,Skagit,Land,Diesel fuel,3.1,1.2,Unknown,Unknown,Closed
ERTS-2024-001737,2024-07-27T18:08:00Z,2024-07-26T04:11:00Z,Fuel tank rupture after vehicle left roadway; contaminated soil excavated.,46.72706,-122.92162,"I-5 corridor, Centralia",,Lewis,Groundwater,Diesel fuel,3.1,1.0,Vehicle,Pacific Crest Fuels Inc.,Closed
ERTS-2024-001739,2024-09-19T17:00:00Z,2024-09-19T09:31:00Z,Recreational vessel reported taking on water; visible sheen at marina slip.,47.28110,-122.43974,"Commencement Bay, Tacoma",Commencement Bay,Pierce,Marine Water,Oily bilge water,0.7,0.4,Vessel,,Closed
ERTS-2024-001741,2024-09-10T15:55:00Z,2024-09-09T17:56:00Z,Stormwater outfall sheen traced to facility oil-water separator bypass.,48.81994,-122.68963,"Cherry Point, Ferndale",Strait of Georgia,Whatcom,Marine Water,Untreated wastewater,1.3,,Facility,Pacific Crest Fuels Inc.,Closed
ERTS-2024-001744,2024-11-28T13:53:00Z,2024-11-27T10:36:00Z,Passerby reported petroleum odor and discoloration; no source located.,48.49992,-122.59975,"March Point, Anacortes",Fidalgo Bay,Skagit,Marine Water,Diesel fuel,4593.5,971.5,Unknown,,Closed
ERTS-2024-001748,2024-03-08T12:14:00Z,2024-03-07T16:41:00Z,Recreational vessel reported taking on water; visible sheen at marina slip.,48.49890,-122.51620,"March Point, Anacortes",Fidalgo Bay,Skagit,Marine Water,Diesel fuel,34.0,,Vessel,Evergreen Freight Lines,Closed
ERTS-2024-001753,2024-04-06T14:06:00Z,2024-04-06T10:10:00Z,Rail car fitting leak discovered during yard inspection; drip pans placed.,46.64036,-120.51874,Yakima River,Yakima River,Yakima,Fresh Water,Crude oil,4.7,,Rail Car,Selkirk Rail Services,Closed
ERTS-2024-001756,2024-08-13T13:23:00Z,,Reported sheen of unknown origin; source investigation ongoing.,47.17293,-123.13711,"Oakland Bay, Shelton",Oakland Bay,Mason,Marine Water,Mystery sheen,296.8,,Unknown,Unknown,Closed
ERTS-2024-001759,2024-03-20T13:31:00Z,2024-03-18T15:01:00Z,Fishing vessel bilge discharge produced intermittent sheen near dock.,47.99066,-122.19119,"Port Gardner, Everett",Port Gardner Bay,Snohomish,Land,Hydraulic oil,78.0,,Vessel,,Closed
ERTS-2024-001760,2024-11-06T17:17:00Z,2024-11-06T14:08:00Z,Rail car fitting leak discovered during yard inspection; drip pans placed.,46.11782,-122.91119,Longview,Columbia River,Cowlitz,Land,Crude oil,9709.9,,Rail Car,Chinook Petroleum Distributors,Closed
ERTS-2024-001765,2024-07-19T15:30:00Z,2024-07-17T22:04:00Z,Transfer line drip at terminal loading rack; contained within secondary containment.,48.52831,-122.56951,"March Point, Anacortes",Fidalgo Bay,Skagit,Land,Crude oil,1.9,0.6,Facility,Selkirk Rail Services,Closed
ERTS-2024-001771,2024-09-24T17:25:00Z,2024-09-24T11:48:00Z,Passerby reported petroleum odor and discoloration; no source located.,47.27897,-122.38186,"Commencement Bay, Tacoma",Commencement Bay,Pierce,Marine Water,Diesel fuel,331.6,132.4,Unknown,,Closed
ERTS-2024-001772,2024-12-03T18:49:00Z,,Pressure drop triggered line shutdown; product released at valve station.,47.17392,-123.14027,"Oakland Bay, Shelton",Oakland Bay,Mason,Land,Jet fuel (Jet-A),496.6,63.1,Pipeline,Cascadia Marine Services LLC,Closed
ERTS-2024-001775,2024-07-28T09:46:00Z,2024-07-26T15:54:00Z,Tank overfill alarm failure led to release at bulk fuel facility; vacuum truck dispatched.,47.52887,-122.66428,"Sinclair Inlet, Bremerton",Sinclair Inlet,Kitsap,Marine Water,Sodium hydroxide solution,3.9,0.9,Facility,Chinook Petroleum Distributors,Closed
ERTS-2024-001780,2024-01-28T13:20:00Z,2024-01-28T12:16:00Z,Sheen observed alongside moored diesel fuel source vessel; boom deployed by responding crew.,,,Port Townsend,Admiralty Inlet,Jefferson,Marine Water,Diesel fuel,5.1,2.4,Vessel,Columbia Basin Transport,Closed
ERTS-2024-001784,2024-05-10T14:05:00Z,,Stormwater outfall sheen traced to facility oil-water separator bypass.,47.53907,-122.59710,"Sinclair Inlet, Bremerton",Sinclair Inlet,Kitsap,Marine Water,Jet fuel (Jet-A),4.5,0.1,Facility,Olympic Peninsula Logging Co.,Closed
ERTS-2024-001789,2024-09-24T19:37:00Z,2024-09-24T00:17:00Z,Semi-truck saddle tank punctured in collision; fuel reached roadside ditch.,,,"I-90, Ellensburg",,Kittitas,Land,Motor oil,2.2,,Vehicle,Salish Sea Charters,Closed
ERTS-2024-001790,2024-02-25T13:38:00Z,2024-02-24T19:23:00Z,Mystery sheen observed by ferry crew; drift modeling requested.,46.95107,-123.75832,"Grays Harbor, Aberdeen",Grays Harbor,Grays Harbor,Marine Water,Unknown oil sheen,9330.5,,Unknown,,Closed
ERTS-2024-001793,2024-08-24T11:08:00Z,,Fishing vessel bilge discharge produced intermittent sheen near dock.,48.51816,-122.96566,Friday Harbor,San Juan Channel,San Juan,Marine Water,Hydraulic oil,4.0,,Vessel,Rainier Towing & Barge Co.,Closed
ERTS-2024-001797,2024-03-04T16:07:00Z,2024-03-03T11:49:00Z,Hydraulic line failure on excavator released fluid to gravel staging area.,46.74928,-122.91369,"I-5 corridor, Centralia",,Lewis,Land,Diesel fuel,5.0,,Vehicle,Selkirk Rail Services,Closed
ERTS-2025-001468,2025-12-23T14:39:00Z,,Mystery sheen observed by ferry crew; drift modeling requested.,48.90262,-122.68020,"Cherry Point, Ferndale",Strait of Georgia,Whatcom,Marine Water,Unknown oil sheen,1.3,,Unknown,Unknown,Closed
ERTS-2025-001473,2025-03-09T06:20:00Z,2025-03-08T07:40:00Z,Tank overfill alarm failure led to release at bulk fuel facility; vacuum truck dispatched.,47.02060,-120.54214,"I-90, Ellensburg",,Kittitas,Land,Diesel fuel,1.7,1.4,Facility,Chinook Petroleum Distributors,Under Investigation
ERTS-2025-001474,2025-08-31T18:03:00Z,2025-08-30T11:30:00Z,Sheen observed alongside moored lube oil source vessel; boom deployed by responding crew.,47.39917,-120.30943,Wenatchee,Columbia River,Chelan,Fresh Water,Lube oil,3.4,,Vessel,,Under Investigation
ERTS-2025-001479,2025-10-27T06:29:00Z,2025-10-25T18:45:00Z,Valve gasket failure during product transfer; spill contained on paved apron.,46.95661,-120.59292,"I-90, Ellensburg",,Kittitas,Groundwater,Bunker C (No. 6 fuel oil),324.2,,Facility,Puget Terminal Operations LLC,Closed
ERTS-2025-001485,2025-12-27T16:18:00Z,2025-12-26T21:10:00Z,"Fuel overflow during vessel bunkering; absorbent pads applied, transfer halted.",47.98517,-122.17742,"Port Gardner, Everett",Port Gardner Bay,Snohomish,Marine Water,Diesel fuel,8639.0,3653.0,Vessel,Rainier Towing & Barge Co.,Under Investigation
ERTS-2025-001487,2025-11-05T09:28:00Z,2025-11-05T05:41:00Z,Recreational vessel reported taking on water; visible sheen at marina slip.,47.11135,-119.25184,Moses Lake,Moses Lake,Grant,Fresh Water,Lube oil,35.6,17.7,Vessel,Chinook Petroleum Distributors,Cleanup In Progress
ERTS-2025-001492,2025-02-07T06:57:00Z,2025-02-06T14:30:00Z,"Fuel overflow during vessel bunkering; absorbent pads applied, transfer halted.",48.10369,-123.42232,Port Angeles Harbor,Strait of Juan de Fuca,Clallam,Marine Water,Diesel fuel,418.6,283.3,Vessel,Selkirk Rail Services,Closed
ERTS-2025-001498,2025-03-14T17:29:00Z,,Recreational vessel reported taking on water; visible sheen at marina slip.,48.16352,-123.42727,Port Angeles Harbor,Strait of Juan de Fuca,Clallam,Marine Water,Gasoline,2.1,,Vessel,Selkirk Rail Services,Under Investigation
ERTS-2025-001502,2025-01-21T07:52:00Z,,Semi-truck saddle tank punctured in collision; fuel reached roadside ditch.,46.73518,-122.91133,"I-5 corridor, Centralia",,Lewis,Land,Gasoline,3.0,,Vehicle,Orca Bay Seafoods Processing,Under Investigation
ERTS-2025-001508,2025-12-30T09:13:00Z,,Transfer line drip at terminal loading rack; contained within secondary containment.,47.10396,-122.87321,"Budd Inlet, Olympia",Budd Inlet,Thurston,Land,Diesel fuel,1.2,,Facility,Columbia Basin Transport,Reported
ERTS-2025-001514,2025-05-23T18:21:00Z,2025-05-22T09:18:00Z,Sheen observed alongside moored gasoline source vessel; boom deployed by responding crew.,48.52814,-122.58708,"March Point, Anacortes",Fidalgo Bay,Skagit,Marine Water,Gasoline,464.5,,Vessel,Selkirk Rail Services,Under Investigation
ERTS-2025-001516,2025-11-19T07:59:00Z,2025-11-18T04:22:00Z,Fishing vessel bilge discharge produced intermittent sheen near dock.,47.22854,-122.42730,"Commencement Bay, Tacoma",Commencement Bay,Pierce,Marine Water,Diesel fuel,192.0,,Vessel,,Reported
ERTS-2025-001519,2025-01-29T12:38:00Z,2025-01-29T07:41:00Z,Hydraulic line failure on excavator released fluid to gravel staging area.,45.60248,-122.70637,Vancouver waterfront,Columbia River,Clark,Fresh Water,Diesel fuel,4.6,0.5,Vehicle,Cascadia Marine Services LLC,Closed
ERTS-2025-001520,2025-06-06T06:59:00Z,2025-06-05T17:51:00Z,Fishing vessel bilge discharge produced intermittent sheen near dock.,48.57746,-123.02578,Friday Harbor,San Juan Channel,San Juan,Marine Water,Oily bilge water,47.7,,Vessel,Chinook Petroleum Distributors,Closed
ERTS-2025-001522,2025-01-20T11:33:00Z,2025-01-19T18:00:00Z,"Fuel overflow during vessel bunkering; absorbent pads applied, transfer halted.",48.53039,-122.98122,Friday Harbor,San Juan Channel,San Juan,Marine Water,Gasoline,2.1,1.5,Vessel,North Sound Excavation,Cleanup In Progress
ERTS-2025-001523,2025-01-21T10:03:00Z,2025-01-20T13:20:00Z,Valve gasket failure during product transfer; spill contained on paved apron.,47.53489,-122.36632,"Harbor Island, Seattle",Duwamish Waterway,King,Marine Water,Bunker C (No. 6 fuel oil),2.1,0.8,Facility,Chinook Petroleum Distributors,Closed
ERTS-2025-001527,2025-12-12T10:52:00Z,2025-12-10T12:16:00Z,Transfer line drip at terminal loading rack; contained within secondary containment.,47.69276,-117.43091,Spokane River,Spokane River,Spokane,Fresh Water,Bunker C (No. 6 fuel oil),0.8,0.5,Facility,Chinook Petroleum Distributors,Closed
ERTS-2025-001530,2025-09-07T06:50:00Z,2025-09-05T15:13:00Z,Locomotive fuel tank seep along mainline; ballast contamination noted.,,,"I-5 corridor, Centralia",,Lewis,Land,Diesel fuel,17.5,,Rail Car,Cascadia Marine Services LLC,Under Investigation
ERTS-2025-001533,2025-07-08T17:56:00Z,2025-07-08T17:30:00Z,Recreational vessel reported taking on water; visible sheen at marina slip.,47.63810,-122.23036,"Lake Washington, Bellevue",Lake Washington,King,Land,Diesel fuel,26.5,2.1,Vessel,Rainier Towing & Barge Co.,Closed
ERTS-2025-001534,2025-03-01T07:22:00Z,2025-02-28T19:15:00Z,Transfer line drip at terminal loading rack; contained within secondary containment.,48.70056,-122.52587,Bellingham Bay,Bellingham Bay,Whatcom,Marine Water,Crude oil,5.1,3.5,Facility,North Sound Excavation,Under Investigation
ERTS-2025-001538,2025-02-07T11:11:00Z,2025-02-07T09:20:00Z,Recreational vessel reported taking on water; visible sheen at marina slip.,46.13221,-122.94316,Longview,Columbia River,Cowlitz,Fresh Water,Diesel fuel,388.7,237.6,Vessel,Evergreen Freight Lines,Closed
ERTS-2025-001541,2025-01-02T12:20:00Z,2025-01-01T08:38:00Z,Stormwater outfall sheen traced to facility oil-water separator bypass.,47.41050,-120.34036,Wenatchee,Columbia River,Chelan,Land,Untreated wastewater,,,Facility,Chinook Petroleum Distributors,Under Investigation
ERTS-2025-001546,2025-01-23T08:11:00Z,2025-01-22T23:24:00Z,Third-party excavation strike on distribution line; area evacuated during repair.,,,Port Angeles Harbor,Strait of Juan de Fuca,Clallam,Marine Water,Jet fuel (Jet-A),4.8,4.0,Pipeline,Salish Sea Charters,Under Investigation
ERTS-2025-001552,2025-12-06T15:03:00Z,2025-12-05T12:05:00Z,"Fuel overflow during vessel bunkering; absorbent pads applied, transfer halted.",48.12453,-122.78298,Port Townsend,Admiralty Inlet,Jefferson,Marine Water,Lube oil,,,Vessel,,Under Investigation
ERTS-2025-001558,2025-06-19T12:55:00Z,2025-06-19T07:27:00Z,"Fuel overflow during vessel bunkering; absorbent pads applied, transfer halted.",47.54012,-122.38621,"Harbor Island, Seattle",Duwamish Waterway,King,Marine Water,Gasoline,,,Vessel,Pacific Crest Fuels Inc.,Cleanup In Progress
ERTS-2025-001559,2025-06-10T18:35:00Z,2025-06-09T21:38:00Z,Overturned tanker trailer released product to highway shoulder; lanes closed during cleanup.,46.14073,-122.91432,Longview,Columbia River,Cowlitz,Fresh Water,Hydraulic oil,264.3,,Vehicle,Olympic Peninsula Logging Co.,Closed
ERTS-2025-001562,2025-12-05T19:54:00Z,,Valve gasket failure during product transfer; spill contained on paved apron.,47.27177,-122.45167,"Commencement Bay, Tacoma",Commencement Bay,Pierce,Marine Water,Untreated wastewater,,,Facility,Selkirk Rail Services,Closed
ERTS-2025-001568,2025-04-26T17:17:00Z,2025-04-25T19:14:00Z,Transfer line drip at terminal loading rack; contained within secondary containment.,48.38355,-124.61145,Neah Bay,Strait of Juan de Fuca,Clallam,Marine Water,Crude oil,4.5,2.1,Facility,,Closed
ERTS-2025-001571,2025-07-25T06:21:00Z,,Valve gasket failure during product transfer; spill contained on paved apron.,47.61150,-122.32706,"Harbor Island, Seattle",Duwamish Waterway,King,Marine Water,Bunker C (No. 6 fuel oil),19.3,9.2,Facility,,Closed
ERTS-2025-001575,2025-12-21T18:41:00Z,,Rail car fitting leak discovered during yard inspection; drip pans placed.,45.61098,-122.62754,Vancouver waterfront,Columbia River,Clark,Fresh Water,Lube oil,3.4,2.5,Rail Car,,Closed
ERTS-2025-001581,2025-03-06T13:00:00Z,2025-03-05T20:38:00Z,Stormwater outfall sheen traced to facility oil-water separator bypass.,48.07569,-122.81523,Port Townsend,Admiralty Inlet,Jefferson,Land,Crude oil,4.2,0.5,Facility,Columbia Basin Transport,Closed
ERTS-2025-001586,2025-08-15T18:12:00Z,2025-08-14T07:36:00Z,Recreational vessel reported taking on water; visible sheen at marina slip.,48.08550,-122.75699,Port Townsend,Admiralty Inlet,Jefferson,Marine Water,Diesel fuel,18.7,8.2,Vessel,,Under Investigation
ERTS-2025-001587,2025-12-26T19:14:00Z,2025-12-25T03:17:00Z,Stormwater outfall sheen traced to facility oil-water separator bypass.,48.82488,-122.75010,"Cherry Point, Ferndale",Strait of Georgia,Whatcom,Marine Water,Diesel fuel,1.3,,Facility,Unknown,Under Investigation
ERTS-2025-001593,2025-05-08T16:04:00Z,2025-05-07T13:32:00Z,"Fuel overflow during vessel bunkering; absorbent pads applied, transfer halted.",47.09485,-119.29795,Moses Lake,Moses Lake,Grant,Fresh Water,Diesel fuel,,,Vessel,Columbia Basin Transport,Closed
ERTS-2025-001594,2025-03-25T14:34:00Z,2025-03-25T08:59:00Z,Recreational vessel reported taking on water; visible sheen at marina slip.,48.90290,-122.74904,"Cherry Point, Ferndale",Strait of Georgia,Whatcom,Land,Diesel fuel,2.7,0.9,Vessel,Rainier Towing & Barge Co.,Under Investigation
ERTS-2025-001595,2025-07-21T13:22:00Z,2025-07-19T17:02:00Z,Recreational vessel reported taking on water; visible sheen at marina slip.,48.71375,-122.48727,Bellingham Bay,Bellingham Bay,Whatcom,Marine Water,Oily bilge water,27.5,,Vessel,Chinook Petroleum Distributors,Closed
ERTS-2025-001598,2025-10-20T11:23:00Z,2025-10-19T16:45:00Z,Sheen observed alongside moored hydraulic oil source vessel; boom deployed by responding crew.,48.83924,-122.73534,"Cherry Point, Ferndale",Strait of Georgia,Whatcom,Marine Water,Hydraulic oil,5.0,,Vessel,Puget Terminal Operations LLC,Closed
ERTS-2025-001603,2025-03-24T08:48:00Z,2025-03-23T23:49:00Z,Sheen observed alongside moored gasoline source vessel; boom deployed by responding crew.,47.24399,-123.08681,"Oakland Bay, Shelton",Oakland Bay,Mason,Marine Water,Gasoline,,,Vessel,Rainier Towing & Barge Co.,Cleanup In Progress
ERTS-2025-001608,2025-10-20T11:02:00Z,2025-10-19T15:05:00Z,Locomotive fuel tank seep along mainline; ballast contamination noted.,,,Vancouver waterfront,Columbia River,Clark,Groundwater,Diesel fuel,213.6,151.4,Rail Car,Selkirk Rail Services,Under Investigation
ERTS-2025-001613,2025-09-15T08:32:00Z,,Passerby reported petroleum odor and discoloration; no source located.,,,Ilwaco,Columbia River,Pacific,Marine Water,Unknown oil sheen,1.1,,Unknown,Unknown,Closed
ERTS-2025-001615,2025-01-30T07:06:00Z,,Mystery sheen observed by ferry crew; drift modeling requested.,48.14259,-123.46585,Port Angeles Harbor,Strait of Juan de Fuca,Clallam,Marine Water,Unknown oil sheen,2.7,,Unknown,Unknown,Closed
ERTS-2025-001619,2025-09-17T18:51:00Z,2025-09-16T23:30:00Z,Mystery sheen observed by ferry crew; drift modeling requested.,,,Friday Harbor,San Juan Channel,San Juan,Marine Water,Unknown oil sheen,420.1,32.1,Unknown,,Under Investigation
ERTS-2025-001624,2025-08-30T14:09:00Z,2025-08-29T18:17:00Z,Recreational vessel reported taking on water; visible sheen at marina slip.,48.49549,-122.58488,"March Point, Anacortes",Fidalgo Bay,Skagit,Marine Water,Hydraulic oil,9811.7,5564.2,Vessel,Rainier Towing & Barge Co.,Under Investigation
ERTS-2025-001627,2025-09-13T18:18:00Z,2025-09-11T20:36:00Z,Locomotive fuel tank seep along mainline; ballast contamination noted.,45.60135,-122.66551,Vancouver waterfront,Columbia River,Clark,Land,Lube oil,45.7,,Rail Car,,Under Investigation
ERTS-2025-001630,2025-09-11T10:20:00Z,,Valve gasket failure during product transfer; spill contained on paved apron.,46.05518,-118.36104,Walla Walla,,Walla Walla,Land,Diesel fuel,16.0,,Facility,Puget Terminal Operations LLC,Closed
ERTS-2025-001634,2025-03-11T11:16:00Z,2025-03-10T05:53:00Z,Fishing vessel bilge discharge produced intermittent sheen near dock.,48.75540,-122.53520,Bellingham Bay,Bellingham Bay,Whatcom,Marine Water,Gasoline,48.9,25.6,Vessel,,Cleanup In Progress
ERTS-2025-001637,2025-07-19T10:33:00Z,2025-07-19T04:03:00Z,Semi-truck saddle tank punctured in collision; fuel reached roadside ditch.,46.04806,-118.36658,Walla Walla,,Walla Walla,Land,Motor oil,,,Vehicle,,Closed
ERTS-2025-001641,2025-08-02T10:04:00Z,2025-08-01T10:28:00Z,"Fuel overflow during vessel bunkering; absorbent pads applied, transfer halted.",48.46427,-122.59621,"March Point, Anacortes",Fidalgo Bay,Skagit,Marine Water,Hydraulic oil,387.5,,Vessel,Columbia Basin Transport,Cleanup In Progress
ERTS-2025-001644,2025-02-21T10:53:00Z,2025-02-20T04:27:00Z,Mystery sheen observed by ferry crew; drift modeling requested.,47.03974,-122.94245,"Budd Inlet, Olympia",Budd Inlet,Thurston,Marine Water,Unknown oil sheen,2.0,,Unknown,,Closed
ERTS-2025-001646,2025-12-13T19:48:00Z,2025-12-13T00:29:00Z,Sheen observed alongside moored lube oil source vessel; boom deployed by responding crew.,48.48197,-122.54408,"March Point, Anacortes",Fidalgo Bay,Skagit,Marine Water,Lube oil,1.5,0.8,Vessel,,Closed
ERTS-2025-001650,2025-11-16T14:51:00Z,,Passerby reported petroleum odor and discoloration; no source located.,46.94726,-123.80456,"Grays Harbor, Aberdeen",Grays Harbor,Grays Harbor,Marine Water,Diesel fuel,20.4,1.9,Unknown,,Cleanup In Progress
ERTS-2025-001651,2025-10-13T10:19:00Z,2025-10-13T02:04:00Z,Valve gasket failure during product transfer; spill contained on paved apron.,45.60286,-122.67439,Vancouver waterfront,Columbia River,Clark,Fresh Water,Diesel fuel,3.2,,Facility,Chinook Petroleum Distributors,Under Investigation
ERTS-2025-001657,2025-08-06T06:27:00Z,,Recreational vessel reported taking on water; visible sheen at marina slip.,47.61931,-122.33233,"Harbor Island, Seattle",Duwamish Waterway,King,Land,Oily bilge water,2.1,,Vessel,,Cleanup In Progress
ERTS-2025-001658,2025-10-03T12:16:00Z,2025-10-01T14:52:00Z,Hydraulic line failure on excavator released fluid to gravel staging area.,46.09728,-122.94316,Longview,Columbia River,Cowlitz,Fresh Water,Diesel fuel,44.7,7.3,Vehicle,Salish Sea Charters,Closed
ERTS-2025-001659,2025-04-22T12:55:00Z,2025-04-21T10:40:00Z,Recreational vessel reported taking on water; visible sheen at marina slip.,47.26075,-122.43244,"Commencement Bay, Tacoma",Commencement Bay,Pierce,Marine Water,Lube oil,0.7,0.0,Vessel,Pacific Crest Fuels Inc.,Closed
ERTS-2025-001662,2025-09-04T19:54:00Z,2025-09-03T13:00:00Z,Fishing vessel bilge discharge produced intermittent sheen near dock.,47.53425,-122.38732,"Harbor Island, Seattle",Duwamish Waterway,King,Marine Water,Oily bilge water,,,Vessel,Columbia Basin Transport,Under Investigation
ERTS-2025-001666,2025-03-13T12:56:00Z,,Passerby reported petroleum odor and discoloration; no source located.,48.52232,-123.02411,Friday Harbor,San Juan Channel,San Juan,Marine Water,Unknown oil sheen,1.0,0.9,Unknown,,Cleanup In Progress
ERTS-2025-001672,2025-10-10T06:41:00Z,2025-10-08T09:55:00Z,Fishing vessel bilge discharge produced intermittent sheen near dock.,48.48801,-122.60491,"March Point, Anacortes",Fidalgo Bay,Skagit,Marine Water,Diesel fuel,46.3,28.8,Vessel,,Cleanup In Progress
ERTS-2025-001675,2025-04-13T11:09:00Z,,Transfer line drip at terminal loading rack; contained within secondary containment.,45.61894,-122.63938,Vancouver waterfront,Columbia River,Clark,Fresh Water,Diesel fuel,3.2,2.7,Facility,,Under Investigation
ERTS-2025-001679,2025-02-04T15:28:00Z,2025-02-04T03:23:00Z,Reported sheen of unknown origin; source investigation ongoing.,48.50506,-123.05246,Friday Harbor,San Juan Channel,San Juan,Marine Water,Unknown oil sheen,44.2,,Unknown,Unknown,Closed
ERTS-2025-001683,2025-11-26T19:14:00Z,2025-11-25T21:17:00Z,Passerby reported petroleum odor and discoloration; no source located.,48.49730,-122.99289,Friday Harbor,San Juan Channel,San Juan,Marine Water,Unknown oil sheen,49.6,33.5,Unknown,Unknown,Closed
ERTS-2025-001688,2025-01-27T09:20:00Z,2025-01-27T05:39:00Z,Sheen observed alongside moored bunker c (no. 6 fuel oil) source vessel; boom deployed by responding crew.,47.52937,-122.60077,"Sinclair Inlet, Bremerton",Sinclair Inlet,Kitsap,Marine Water,Bunker C (No. 6 fuel oil),34.4,,Vessel,,Closed
ERTS-2025-001694,2025-05-04T09:35:00Z,,Semi-truck saddle tank punctured in collision; fuel reached roadside ditch.,45.66901,-122.71351,Vancouver waterfront,Columbia River,Clark,Fresh Water,Antifreeze (ethylene glycol),24.8,0.8,Vehicle,Columbia Basin Transport,Under Investigation
ERTS-2025-001696,2025-09-07T14:48:00Z,2025-09-07T10:31:00Z,Recreational vessel reported taking on water; visible sheen at marina slip.,47.59279,-122.58631,"Sinclair Inlet, Bremerton",Sinclair Inlet,Kitsap,Marine Water,Diesel fuel,14.8,,Vessel,Orca Bay Seafoods Processing,Cleanup In Progress
ERTS-2025-001702,2025-12-19T16:59:00Z,2025-12-18T15:15:00Z,Tank overfill alarm failure led to release at bulk fuel facility; vacuum truck dispatched.,46.29913,-123.98599,Ilwaco,Columbia River,Pacific,Marine Water,Diesel fuel,2.7,0.6,Facility,North Sound Excavation,Cleanup In Progress
ERTS-2025-001703,2025-04-26T19:21:00Z,2025-04-26T14:39:00Z,Valve gasket failure during product transfer; spill contained on paved apron.,48.13952,-122.80709,Port Townsend,Admiralty Inlet,Jefferson,Marine Water,Sodium hydroxide solution,4.6,1.5,Facility,Columbia Basin Transport,Closed
ERTS-2025-001708,2025-10-22T13:57:00Z,2025-10-22T02:02:00Z,Sheen observed alongside moored hydraulic oil source vessel; boom deployed by responding crew.,48.88720,-122.67622,"Cherry Point, Ferndale",Strait of Georgia,Whatcom,Marine Water,Hydraulic oil,,,Vessel,,Closed
ERTS-2025-001709,2025-03-12T09:12:00Z,2025-03-10T10:31:00Z,Recreational vessel reported taking on water; visible sheen at marina slip.,47.66601,-117.45089,Spokane River,Spokane River,Spokane,Fresh Water,Hydraulic oil,2.0,0.9,Vessel,Chinook Petroleum Distributors,Closed
ERTS-2025-001710,2025-03-11T10:13:00Z,2025-03-10T04:39:00Z,Passerby reported petroleum odor and discoloration; no source located.,47.30741,-122.46210,"Commencement Bay, Tacoma",Commencement Bay,Pierce,Marine Water,Diesel fuel,4.0,3.1,Unknown,,Reported
ERTS-2025-001713,2025-06-25T07:29:00Z,2025-06-23T10:57:00Z,"Fuel overflow during vessel bunkering; absorbent pads applied, transfer halted.",47.31195,-122.43990,"Commencement Bay, Tacoma",Commencement Bay,Pierce,Marine Water,Oily bilge water,4.9,0.8,Vessel,Cascadia Marine Services LLC,Cleanup In Progress
ERTS-2025-001716,2025-01-24T14:52:00Z,2025-01-24T05:55:00Z,Hydraulic line failure on excavator released fluid to gravel staging area.,46.09863,-122.91608,Longview,Columbia River,Cowlitz,Fresh Water,Gasoline,2.7,1.1,Vehicle,Orca Bay Seafoods Processing,Closed
ERTS-2025-001720,2025-12-11T16:13:00Z,2025-12-11T15:49:00Z,Recreational vessel reported taking on water; visible sheen at marina slip.,46.93980,-123.78073,"Grays Harbor, Aberdeen",Grays Harbor,Grays Harbor,Marine Water,Oily bilge water,,,Vessel,Salish Sea Charters,Closed
ERTS-2025-001726,2025-12-25T11:24:00Z,2025-12-24T07:19:00Z,Fishing vessel bilge discharge produced intermittent sheen near dock.,47.60685,-122.38971,"Harbor Island, Seattle",Duwamish Waterway,King,Marine Water,Oily bilge water,167.0,132.9,Vessel,,Reported
ERTS-2025-001729,2025-05-20T11:47:00Z,2025-05-18T21:27:00Z,Mystery sheen observed by ferry crew; drift modeling requested.,47.56232,-122.38959,"Harbor Island, Seattle",Duwamish Waterway,King,Marine Water,Unknown oil sheen,3.5,1.4,Unknown,,Closed
ERTS-2025-001733,2025-03-01T10:42:00Z,2025-02-28T23:06:00Z,Sheen observed alongside moored diesel fuel source vessel; boom deployed by responding crew.,47.57958,-122.37732,"Harbor Island, Seattle",Duwamish Waterway,King,Marine Water,Diesel fuel,4.3,,Vessel,Columbia Basin Transport,Under Investigation
ERTS-2025-001735,2025-12-19T13:56:00Z,2025-12-19T12:00:00Z,Valve gasket failure during product transfer; spill contained on paved apron.,46.22808,-119.09843,Kennewick,Columbia River,Benton,Fresh Water,Diesel fuel,,,Facility,Olympic Peninsula Logging Co.,Closed
ERTS-2025-001741,2025-12-25T11:16:00Z,2025-12-24T00:35:00Z,Valve gasket failure during product transfer; spill contained on paved apron.,47.24639,-122.41491,"Commencement Bay, Tacoma",Commencement Bay,Pierce,Land,Jet fuel (Jet-A),174.5,124.1,Facility,Pacific Crest Fuels Inc.,Closed
ERTS-2025-001743,2025-10-07T12:42:00Z,2025-10-06T10:00:00Z,Tank overfill alarm failure led to release at bulk fuel facility; vacuum truck dispatched.,46.69566,-122.95907,"I-5 corridor, Centralia",,Lewis,Land,Jet fuel (Jet-A),3.0,,Facility,Cascadia Marine Services LLC,Closed
ERTS-2025-001749,2025-08-22T12:10:00Z,2025-08-20T15:11:00Z,Sheen observed alongside moored lube oil source vessel; boom deployed by responding crew.,47.62545,-117.45279,Spokane River,Spokane River,Spokane,Fresh Water,Lube oil,,,Vessel,,Closed
ERTS-2025-001752,2025-12-14T06:58:00Z,2025-12-12T08:58:00Z,Hydraulic line failure on excavator released fluid to gravel staging area.,46.17422,-122.93582,Longview,Columbia River,Cowlitz,Fresh Water,Gasoline,1.0,0.7,Vehicle,Columbia Basin Transport,Reported
ERTS-2025-001758,2025-03-09T18:09:00Z,2025-03-08T09:02:00Z,Passerby reported petroleum odor and discoloration; no source located.,46.98875,-123.77995,"Grays Harbor, Aberdeen",Grays Harbor,Grays Harbor,Marine Water,Unknown oil sheen,2.2,0.8,Unknown,,Reported
ERTS-2025-001763,2025-02-24T16:26:00Z,2025-02-23T10:10:00Z,Passerby reported petroleum odor and discoloration; no source located.,48.88026,-122.70279,"Cherry Point, Ferndale",Strait of Georgia,Whatcom,Marine Water,Unknown oil sheen,18.5,4.2,Unknown,,Cleanup In Progress
ERTS-2025-001769,2025-10-13T09:56:00Z,2025-10-12T17:24:00Z,Rail car fitting leak discovered during yard inspection; drip pans placed.,45.71232,-121.91121,"SR-14, Skamania",Columbia River,Skamania,Fresh Water,Crude oil,1.5,,Rail Car,Evergreen Freight Lines,Cleanup In Progress
ERTS-2025-001773,2025-02-03T18:31:00Z,2025-02-03T00:31:00Z,Transfer line drip at terminal loading rack; contained within secondary containment.,47.70325,-117.46439,Spokane River,Spokane River,Spokane,Fresh Water,Diesel fuel,5.0,3.3,Facility,Columbia Basin Transport,Closed
ERTS-2025-001776,2025-07-15T13:34:00Z,,Sheen observed alongside moored hydraulic oil source vessel; boom deployed by responding crew.,47.26119,-122.43314,"Commencement Bay, Tacoma",Commencement Bay,Pierce,Marine Water,Hydraulic oil,4.8,4.0,Vessel,,Under Investigation
ERTS-2025-001777,2025-11-18T14:04:00Z,,Valve gasket failure during product transfer; spill contained on paved apron.,47.69008,-117.41402,Spokane River,Spokane River,Spokane,Land,Untreated wastewater,2.3,1.1,Facility,Pacific Crest Fuels Inc.,Reported
ERTS-2025-001780,2025-07-08T10:20:00Z,2025-07-06T18:33:00Z,Stormwater outfall sheen traced to facility oil-water separator bypass.,46.20274,-119.14251,Kennewick,Columbia River,Benton,Fresh Water,Crude oil,,,Facility,North Sound Excavation,Closed
ERTS-2025-001783,2025-09-10T17:16:00Z,,Passerby reported petroleum odor and discoloration; no source located.,48.55246,-123.03542,Friday Harbor,San Juan Channel,San Juan,Marine Water,Mystery sheen,1.9,0.1,Unknown,Unknown,Closed
ERTS-2025-001786,2025-12-19T18:32:00Z,2025-12-19T18:20:00Z,"Fuel overflow during vessel bunkering; absorbent pads applied, transfer halted.",48.51204,-123.03594,Friday Harbor,San Juan Channel,San Juan,Marine Water,Gasoline,235.6,56.7,Vessel,,Closed
ERTS-2025-001791,2025-10-26T06:35:00Z,2025-10-24T08:21:00Z,Sheen observed alongside moored diesel fuel source vessel; boom deployed by responding crew.,48.35904,-124.56612,Neah Bay,Strait of Juan de Fuca,Clallam,Marine Water,Diesel fuel,23.7,20.1,Vessel,Unknown,Cleanup In Progress
ERTS-2025-001794,2025-11-03T16:49:00Z,2025-11-02T16:53:00Z,Passerby reported petroleum odor and discoloration; no source located.,47.14569,-119.31780,Moses Lake,Moses Lake,Grant,Fresh Water,Unknown oil sheen,2.9,0.4,Unknown,,Under Investigation
ERTS-2025-001796,2025-10-02T19:36:00Z,2025-10-02T12:01:00Z,Tank overfill alarm failure led to release at bulk fuel facility; vacuum truck dispatched.,47.65347,-117.37650,Spokane River,Spokane River,Spokane,Fresh Water,Diesel fuel,0.4,0.3,Facility,Salish Sea Charters,Reported
ERTS-2025-001801,2025-05-02T19:30:00Z,,Fuel tank rupture after vehicle left roadway; contaminated soil excavated.,47.01881,-120.54008,"I-90, Ellensburg",,Kittitas,Land,Motor oil,9.4,7.2,Vehicle,Salish Sea Charters,Cleanup In Progress
ERTS-2025-001807,2025-08-02T11:21:00Z,2025-07-31T16:48:00Z,Passerby reported petroleum odor and discoloration; no source located.,48.83905,-122.71881,"Cherry Point, Ferndale",Strait of Georgia,Whatcom,Land,Unknown oil sheen,337.8,226.9,Unknown,Unknown,Closed
ERTS-2025-001808,2025-06-01T12:12:00Z,2025-06-01T12:10:00Z,Fishing vessel bilge discharge produced intermittent sheen near dock.,46.31173,-124.07451,Ilwaco,Columbia River,Pacific,Marine Water,Bunker C (No. 6 fuel oil),,,Vessel,Selkirk Rail Services,Cleanup In Progress
ERTS-2025-001809,2025-04-29T14:44:00Z,2025-04-28T23:39:00Z,Semi-truck saddle tank punctured in collision; fuel reached roadside ditch.,46.64301,-120.51163,Yakima River,Yakima River,Yakima,Fresh Water,Motor oil,150.7,85.1,Vehicle,Pacific Crest Fuels Inc.,Under Investigation
ERTS-2025-001814,2025-11-08T19:35:00Z,2025-11-08T19:03:00Z,"Fuel overflow during vessel bunkering; absorbent pads applied, transfer halted.",47.03641,-122.88308,"Budd Inlet, Olympia",Budd Inlet,Thurston,Marine Water,Oily bilge water,5.0,2.0,Vessel,,Under Investigation
ERTS-2025-001819,2025-05-15T16:53:00Z,2025-05-13T22:42:00Z,Recreational vessel reported taking on water; visible sheen at marina slip.,,,"Grays Harbor, Aberdeen",Grays Harbor,Grays Harbor,Marine Water,Hydraulic oil,13.6,,Vessel,Columbia Basin Transport,Under Investigation
ERTS-2025-001824,2025-08-28T06:20:00Z,2025-08-26T12:57:00Z,Semi-truck saddle tank punctured in collision; fuel reached roadside ditch.,46.76228,-122.98455,"I-5 corridor, Centralia",,Lewis,Land,Motor oil,331.0,185.6,Vehicle,Salish Sea Charters,Closed
ERTS-2025-001830,2025-02-22T13:53:00Z,2025-02-22T04:58:00Z,Rail car fitting leak discovered during yard inspection; drip pans placed.,45.63117,-122.65203,Vancouver waterfront,Columbia River,Clark,Land,Diesel fuel,,,Rail Car,Pacific Crest Fuels Inc.,Under Investigation
ERTS-2025-001834,2025-03-30T10:54:00Z,2025-03-28T19:50:00Z,Reported sheen of unknown origin; source investigation ongoing.,47.30776,-122.37981,"Commencement Bay, Tacoma",Commencement Bay,Pierce,Marine Water,Diesel fuel,1.6,,Unknown,,Closed
ERTS-2025-001838,2025-04-13T19:05:00Z,,Fishing vessel bilge discharge produced intermittent sheen near dock.,48.56154,-123.04821,Friday Harbor,San Juan Channel,San Juan,Marine Water,Gasoline,63.9,8.3,Vessel,Pacific Crest Fuels Inc.,Closed
ERTS-2025-001842,2025-04-23T07:48:00Z,2025-04-21T21:21:00Z,Recreational vessel reported taking on water; visible sheen at marina slip.,48.72418,-122.54286,Bellingham Bay,Bellingham Bay,Whatcom,Marine Water,Diesel fuel,12.4,6.6,Vessel,,Closed
ERTS-2025-001848,2025-02-19T09:04:00Z,2025-02-17T11:49:00Z,Mystery sheen observed by ferry crew; drift modeling requested.,46.57705,-120.50782,Yakima River,Yakima River,Yakima,Fresh Water,Mystery sheen,5.0,1.5,Unknown,,Closed
ERTS-2025-001854,2025-05-05T10:57:00Z,2025-05-05T01:39:00Z,"Fuel overflow during vessel bunkering; absorbent pads applied, transfer halted.",47.95130,-122.26336,"Port Gardner, Everett",Port Gardner Bay,Snohomish,Land,Diesel fuel,6.5,5.8,Vessel,Pacific Crest Fuels Inc.,Closed
ERTS-2025-001855,2025-11-18T14:00:00Z,2025-11-17T04:35:00Z,Valve gasket failure during product transfer; spill contained on paved apron.,47.05432,-122.90416,"Budd Inlet, Olympia",Budd Inlet,Thurston,Marine Water,Jet fuel (Jet-A),0.8,0.7,Facility,Unknown,Reported
ERTS-2025-001857,2025-07-05T12:02:00Z,2025-07-05T09:19:00Z,Fuel tank rupture after vehicle left roadway; contaminated soil excavated.,46.71598,-122.97737,"I-5 corridor, Centralia",,Lewis,Land,Gasoline,1.5,,Vehicle,Unknown,Closed
ERTS-2025-001862,2025-07-21T18:45:00Z,,"Fuel overflow during vessel bunkering; absorbent pads applied, transfer halted.",47.61643,-122.37407,"Harbor Island, Seattle",Duwamish Waterway,King,Marine Water,Oily bilge water,416.1,223.4,Vessel,,Reported
ERTS-2025-001863,2025-03-16T16:12:00Z,,Fuel tank rupture after vehicle left roadway; contaminated soil excavated.,46.18566,-119.12471,Kennewick,Columbia River,Benton,Fresh Water,Diesel fuel,4.3,,Vehicle,,Under Investigation
ERTS-2025-001869,2025-03-05T17:46:00Z,2025-03-05T02:15:00Z,Tank overfill alarm failure led to release at bulk fuel facility; vacuum truck dispatched.,47.30639,-122.45571,"Commencement Bay, Tacoma",Commencement Bay,Pierce,Marine Water,Crude oil,2.4,2.0,Facility,Selkirk Rail Services,Cleanup In Progress
ERTS-2025-001874,2025-05-14T17:22:00Z,2025-05-13T05:57:00Z,Mystery sheen observed by ferry crew; drift modeling requested.,47.26786,-122.42873,"Commencement Bay, Tacoma",Commencement Bay,Pierce,Marine Water,Unknown oil sheen,,,Unknown,,Closed
ERTS-2025-001879,2025-08-27T16:10:00Z,,"Fuel overflow during vessel bunkering; absorbent pads applied, transfer halted.",48.84740,-122.70781,"Cherry Point, Ferndale",Strait of Georgia,Whatcom,Marine Water,Hydraulic oil,2.0,,Vessel,Selkirk Rail Services,Under Investigation
ERTS-2025-001880,2025-11-21T11:13:00Z,2025-11-20T09:57:00Z,Sheen observed alongside moored hydraulic oil source vessel; boom deployed by responding crew.,48.49954,-122.54746,"March Point, Anacortes",Fidalgo Bay,Skagit,Marine Water,Hydraulic oil,49.7,15.3,Vessel,Unknown,Closed
ERTS-2025-001884,2025-11-23T18:52:00Z,2025-11-22T12:18:00Z,Valve gasket failure during product transfer; spill contained on paved apron.,48.87544,-122.69475,"Cherry Point, Ferndale",Strait of Georgia,Whatcom,Marine Water,Diesel fuel,0.7,,Facility,Salish Sea Charters,Closed
ERTS-2025-001890,2025-04-12T08:42:00Z,2025-04-10T14:56:00Z,Recreational vessel reported taking on water; visible sheen at marina slip.,,,"Oakland Bay, Shelton",Oakland Bay,Mason,Marine Water,Gasoline,23.9,11.2,Vessel,Rainier Towing & Barge Co.,Under Investigation
ERTS-2025-001896,2025-04-26T14:24:00Z,2025-04-24T19:26:00Z,Recreational vessel reported taking on water; visible sheen at marina slip.,47.61900,-122.37883,"Harbor Island, Seattle",Duwamish Waterway,King,Marine Water,Hydraulic oil,2.2,,Vessel,Rainier Towing & Barge Co.,Closed
ERTS-2025-001902,2025-04-26T17:07:00Z,2025-04-24T19:11:00Z,Mystery sheen observed by ferry crew; drift modeling requested.,47.02766,-122.92136,"Budd Inlet, Olympia",Budd Inlet,Thurston,Marine Water,Unknown oil sheen,2.9,,Unknown,Unknown,Under Investigation
ERTS-2025-001903,2025-12-28T12:57:00Z,2025-12-28T09:02:00Z,Tank overfill alarm failure led to release at bulk fuel facility; vacuum truck dispatched.,48.82451,-122.66567,"Cherry Point, Ferndale",Strait of Georgia,Whatcom,Marine Water,Bunker C (No. 6 fuel oil),9744.6,,Facility,,Closed
ERTS-2026-001113,2026-01-11T19:47:00Z,2026-01-11T18:31:00Z,Sheen observed alongside moored bunker c (no. 6 fuel oil) source vessel; boom deployed by responding crew.,47.53581,-122.65206,"Sinclair Inlet, Bremerton",Sinclair Inlet,Kitsap,Marine Water,Bunker C (No. 6 fuel oil),38.9,,Vessel,Olympic Peninsula Logging Co.,Under Investigation
ERTS-2026-001117,2026-02-23T09:38:00Z,2026-02-23T05:37:00Z,Recreational vessel reported taking on water; visible sheen at marina slip.,46.93141,-123.79769,"Grays Harbor, Aberdeen",Grays Harbor,Grays Harbor,Marine Water,Oily bilge water,,,Vessel,Pacific Crest Fuels Inc.,Under Investigation
ERTS-2026-001123,2026-01-22T15:54:00Z,2026-01-21T22:24:00Z,Mystery sheen observed by ferry crew; drift modeling requested.,48.14794,-123.47771,Port Angeles Harbor,Strait of Juan de Fuca,Clallam,Marine Water,Diesel fuel,8.5,,Unknown,Unknown,Under Investigation
ERTS-2026-001125,2026-01-07T17:20:00Z,2026-01-07T09:01:00Z,Tank overfill alarm failure led to release at bulk fuel facility; vacuum truck dispatched.,46.29474,-124.02805,Ilwaco,Columbia River,Pacific,Marine Water,Sodium hydroxide solution,3.7,0.2,Facility,North Sound Excavation,Closed
ERTS-2026-001128,2026-01-07T13:57:00Z,2026-01-07T08:59:00Z,Transfer line drip at terminal loading rack; contained within secondary containment.,47.03768,-122.92731,"Budd Inlet, Olympia",Budd Inlet,Thurston,Land,Diesel fuel,3.5,2.4,Facility,Orca Bay Seafoods Processing,Closed
ERTS-2026-001132,2026-05-03T17:36:00Z,2026-05-02T06:21:00Z,Semi-truck saddle tank punctured in collision; fuel reached roadside ditch.,47.00976,-120.52197,"I-90, Ellensburg",,Kittitas,Groundwater,Antifreeze (ethylene glycol),1.2,1.0,Vehicle,Chinook Petroleum Distributors,Closed
ERTS-2026-001133,2026-02-02T17:51:00Z,,"Fuel overflow during vessel bunkering; absorbent pads applied, transfer halted.",47.29256,-122.43737,"Commencement Bay, Tacoma",Commencement Bay,Pierce,Marine Water,Diesel fuel,82.6,60.8,Vessel,Pacific Crest Fuels Inc.,Closed
ERTS-2026-001134,2026-05-01T18:45:00Z,2026-05-01T05:26:00Z,Recreational vessel reported taking on water; visible sheen at marina slip.,47.60533,-122.33714,"Harbor Island, Seattle",Duwamish Waterway,King,Marine Water,Diesel fuel,1.7,1.4,Vessel,North Sound Excavation,Under Investigation
ERTS-2026-001140,2026-03-29T14:40:00Z,2026-03-29T10:15:00Z,Hydraulic line failure on excavator released fluid to gravel staging area.,47.62918,-122.17215,"Lake Washington, Bellevue",Lake Washington,King,Fresh Water,Hydraulic oil,1.0,0.9,Vehicle,Unknown,Under Investigation
ERTS-2026-001144,2026-04-03T14:30:00Z,2026-04-03T04:57:00Z,Overturned tanker trailer released product to highway shoulder; lanes closed during cleanup.,47.66856,-117.45562,Spokane River,Spokane River,Spokane,Fresh Water,Diesel fuel,177.7,101.2,Vehicle,Rainier Towing & Barge Co.,Cleanup In Progress
ERTS-2026-001147,2026-02-22T09:47:00Z,,Fishing vessel bilge discharge produced intermittent sheen near dock.,47.69668,-117.43033,Spokane River,Spokane River,Spokane,Land,Oily bilge water,0.3,0.1,Vessel,,Closed
ERTS-2026-001152,2026-03-27T11:13:00Z,,Transfer line drip at terminal loading rack; contained within secondary containment.,,,Spokane River,Spokane River,Spokane,Groundwater,Bunker C (No. 6 fuel oil),14.4,4.0,Facility,,Under Investigation
ERTS-2026-001156,2026-02-28T15:04:00Z,2026-02-27T17:30:00Z,Stormwater outfall sheen traced to facility oil-water separator bypass.,48.87246,-122.73504,"Cherry Point, Ferndale",Strait of Georgia,Whatcom,Marine Water,Crude oil,193.5,,Facility,Olympic Peninsula Logging Co.,Reported
ERTS-2026-001160,2026-03-27T14:34:00Z,2026-03-26T06:26:00Z,Stormwater outfall sheen traced to facility oil-water separator bypass.,47.31181,-122.38208,"Commencement Bay, Tacoma",Commencement Bay,Pierce,Marine Water,Diesel fuel,4.5,,Facility,Selkirk Rail Services,Closed
ERTS-2026-001162,2026-04-20T15:26:00Z,2026-04-20T11:23:00Z,Fishing vessel bilge discharge produced intermittent sheen near dock.,48.82198,-122.68127,"Cherry Point, Ferndale",Strait of Georgia,Whatcom,Marine Water,Hydraulic oil,3.0,,Vessel,,Closed
ERTS-2026-001166,2026-01-28T17:24:00Z,2026-01-27T04:31:00Z,Tank overfill alarm failure led to release at bulk fuel facility; vacuum truck dispatched.,46.03269,-118.38149,Walla Walla,,Walla Walla,Land,Diesel fuel,118.9,45.8,Facility,Chinook Petroleum Distributors,Closed
ERTS-2026-001167,2026-06-28T19:57:00Z,2026-06-27T10:21:00Z,Mystery sheen observed by ferry crew; drift modeling requested.,47.57721,-122.23068,"Lake Washington, Bellevue",Lake Washington,King,Fresh Water,Unknown oil sheen,1.7,1.0,Unknown,Unknown,Reported
ERTS-2026-001171,2026-02-13T19:06:00Z,2026-02-12T10:28:00Z,Valve gasket failure during product transfer; spill contained on paved apron.,46.73789,-122.96243,"I-5 corridor, Centralia",,Lewis,Land,Untreated wastewater,,,Facility,,Closed
ERTS-2026-001175,2026-03-18T19:17:00Z,2026-03-17T16:14:00Z,Mystery sheen observed by ferry crew; drift modeling requested.,,,Bellingham Bay,Bellingham Bay,Whatcom,Marine Water,Diesel fuel,109.8,28.1,Unknown,Unknown,Closed
ERTS-2026-001176,2026-03-07T16:42:00Z,2026-03-06T12:28:00Z,"Fuel overflow during vessel bunkering; absorbent pads applied, transfer halted.",47.14822,-119.27486,Moses Lake,Moses Lake,Grant,Fresh Water,Lube oil,17.2,,Vessel,,Closed
ERTS-2026-001180,2026-06-23T06:33:00Z,2026-06-21T23:09:00Z,Mystery sheen observed by ferry crew; drift modeling requested.,47.55184,-122.60703,"Sinclair Inlet, Bremerton",Sinclair Inlet,Kitsap,Marine Water,Mystery sheen,7.7,6.6,Unknown,,Closed
ERTS-2026-001181,2026-03-27T17:06:00Z,2026-03-27T02:20:00Z,Recreational vessel reported taking on water; visible sheen at marina slip.,,,"Oakland Bay, Shelton",Oakland Bay,Mason,Land,Hydraulic oil,4.3,,Vessel,Orca Bay Seafoods Processing,Cleanup In Progress
ERTS-2026-001184,2026-06-18T07:03:00Z,2026-06-16T18:22:00Z,Sheen observed alongside moored oily bilge water source vessel; boom deployed by responding crew.,48.08593,-122.82544,Port Townsend,Admiralty Inlet,Jefferson,Marine Water,Oily bilge water,2.6,1.3,Vessel,Salish Sea Charters,Closed
ERTS-2026-001185,2026-04-29T09:34:00Z,,"Fuel overflow during vessel bunkering; absorbent pads applied, transfer halted.",47.57618,-122.37492,"Harbor Island, Seattle",Duwamish Waterway,King,Marine Water,Diesel fuel,44.9,,Vessel,,Closed
ERTS-2026-001190,2026-02-07T12:39:00Z,2026-02-06T09:53:00Z,Valve gasket failure during product transfer; spill contained on paved apron.,47.61744,-122.30898,"Harbor Island, Seattle",Duwamish Waterway,King,Marine Water,Bunker C (No. 6 fuel oil),3.8,1.4,Facility,North Sound Excavation,Under Investigation
ERTS-2026-001192,2026-02-07T19:54:00Z,2026-02-07T14:20:00Z,"Fuel overflow during vessel bunkering; absorbent pads applied, transfer halted.",45.66539,-121.92354,"SR-14, Skamania",Columbia River,Skamania,Fresh Water,Oily bilge water,1.8,0.2,Vessel,,Closed
ERTS-2026-001198,2026-02-27T19:44:00Z,2026-02-26T15:33:00Z,Passerby reported petroleum odor and discoloration; no source located.,48.52115,-122.54743,"March Point, Anacortes",Fidalgo Bay,Skagit,Land,Unknown oil sheen,2.4,1.3,Unknown,Unknown,Closed
ERTS-2026-001204,2026-03-14T12:21:00Z,,Transfer line drip at terminal loading rack; contained within secondary containment.,48.74052,-122.45569,Bellingham Bay,Bellingham Bay,Whatcom,Marine Water,Diesel fuel,0.3,0.0,Facility,Selkirk Rail Services,Cleanup In Progress
ERTS-2026-001209,2026-06-13T08:02:00Z,2026-06-11T15:30:00Z,Valve gasket failure during product transfer; spill contained on paved apron.,48.13035,-123.40062,Port Angeles Harbor,Strait of Juan de Fuca,Clallam,Marine Water,Diesel fuel,47.7,4.7,Facility,Selkirk Rail Services,Under Investigation
ERTS-2026-001211,2026-02-14T12:02:00Z,2026-02-14T11:22:00Z,Transfer line drip at terminal loading rack; contained within secondary containment.,,,"Commencement Bay, Tacoma",Commencement Bay,Pierce,Marine Water,Diesel fuel,,,Facility,,Closed
ERTS-2026-001215,2026-06-09T11:31:00Z,2026-06-09T02:15:00Z,Sheen observed alongside moored oily bilge water source vessel; boom deployed by responding crew.,46.12694,-122.90581,Longview,Columbia River,Cowlitz,Fresh Water,Oily bilge water,0.5,0.3,Vessel,,Closed
ERTS-2026-001219,2026-01-02T07:27:00Z,2025-12-31T11:58:00Z,Recreational vessel reported taking on water; visible sheen at marina slip.,47.29959,-122.43493,"Commencement Bay, Tacoma",Commencement Bay,Pierce,Marine Water,Hydraulic oil,2.3,0.5,Vessel,Unknown,Closed
ERTS-2026-001221,2026-05-11T06:26:00Z,2026-05-09T13:14:00Z,Fishing vessel bilge discharge produced intermittent sheen near dock.,47.57620,-122.39074,"Harbor Island, Seattle",Duwamish Waterway,King,Marine Water,Oily bilge water,0.5,0.3,Vessel,Salish Sea Charters,Closed
ERTS-2026-001223,2026-01-03T16:03:00Z,2026-01-03T06:37:00Z,Fuel tank rupture after vehicle left roadway; contaminated soil excavated.,46.02040,-118.31713,Walla Walla,,Walla Walla,Land,Diesel fuel,3.7,2.9,Vehicle,Olympic Peninsula Logging Co.,Under Investigation
ERTS-2026-001226,2026-01-23T17:02:00Z,,Recreational vessel reported taking on water; visible sheen at marina slip.,47.05538,-122.90709,"Budd Inlet, Olympia",Budd Inlet,Thurston,Marine Water,Diesel fuel,4.7,1.2,Vessel,Pacific Crest Fuels Inc.,Reported
ERTS-2026-001227,2026-01-11T11:48:00Z,2026-01-11T01:20:00Z,Recreational vessel reported taking on water; visible sheen at marina slip.,47.12536,-119.30344,Moses Lake,Moses Lake,Grant,Fresh Water,Gasoline,0.2,,Vessel,Rainier Towing & Barge Co.,Under Investigation
ERTS-2026-001228,2026-02-25T06:34:00Z,2026-02-23T14:42:00Z,Tank overfill alarm failure led to release at bulk fuel facility; vacuum truck dispatched.,47.01502,-120.51123,"I-90, Ellensburg",,Kittitas,Groundwater,Diesel fuel,1.3,,Facility,Orca Bay Seafoods Processing,Closed
ERTS-2026-001231,2026-03-15T17:31:00Z,2026-03-14T13:38:00Z,Third-party excavation strike on distribution line; area evacuated during repair.,47.20836,-123.08142,"Oakland Bay, Shelton",Oakland Bay,Mason,Marine Water,Diesel fuel,,,Pipeline,,Under Investigation
ERTS-2026-001237,2026-01-26T10:51:00Z,2026-01-26T00:18:00Z,Third-party excavation strike on distribution line; area evacuated during repair.,47.54195,-122.36761,"Harbor Island, Seattle",Duwamish Waterway,King,Marine Water,Gasoline,,,Pipeline,,Closed
ERTS-2026-001239,2026-05-18T11:13:00Z,2026-05-16T19:44:00Z,Passerby reported petroleum odor and discoloration; no source located.,47.95421,-122.20967,"Port Gardner, Everett",Port Gardner Bay,Snohomish,Marine Water,Diesel fuel,,,Unknown,,Closed
ERTS-2026-001241,2026-03-30T14:23:00Z,2026-03-29T14:38:00Z,Rail car fitting leak discovered during yard inspection; drip pans placed.,46.11417,-122.93688,Longview,Columbia River,Cowlitz,Land,Diesel fuel,1.9,,Rail Car,Pacific Crest Fuels Inc.,Closed
ERTS-2026-001246,2026-01-12T19:07:00Z,2026-01-11T18:57:00Z,Valve gasket failure during product transfer; spill contained on paved apron.,45.65757,-122.64823,Vancouver waterfront,Columbia River,Clark,Fresh Water,Diesel fuel,3858.3,537.3,Facility,Orca Bay Seafoods Processing,Cleanup In Progress
ERTS-2026-001249,2026-02-03T18:04:00Z,2026-02-03T02:17:00Z,Passerby reported petroleum odor and discoloration; no source located.,48.14439,-122.81096,Port Townsend,Admiralty Inlet,Jefferson,Marine Water,Unknown oil sheen,4.9,1.8,Unknown,Unknown,Closed
ERTS-2026-001252,2026-06-24T18:01:00Z,,Reported sheen of unknown origin; source investigation ongoing.,45.63827,-122.64968,Vancouver waterfront,Columbia River,Clark,Land,Diesel fuel,47.5,20.7,Unknown,,Closed
ERTS-2026-001258,2026-04-01T17:58:00Z,2026-03-30T19:01:00Z,Semi-truck saddle tank punctured in collision; fuel reached roadside ditch.,47.11475,-119.26385,Moses Lake,Moses Lake,Grant,Fresh Water,Motor oil,2.9,0.5,Vehicle,Olympic Peninsula Logging Co.,Cleanup In Progress
ERTS-2026-001260,2026-04-23T10:13:00Z,,Fishing vessel bilge discharge produced intermittent sheen near dock.,48.12182,-122.75809,Port Townsend,Admiralty Inlet,Jefferson,Marine Water,Hydraulic oil,15.2,,Vessel,Cascadia Marine Services LLC,Closed
ERTS-2026-001266,2026-02-12T09:53:00Z,2026-02-11T00:16:00Z,Recreational vessel reported taking on water; visible sheen at marina slip.,,,"Commencement Bay, Tacoma",Commencement Bay,Pierce,Marine Water,Oily bilge water,212.5,,Vessel,Chinook Petroleum Distributors,Closed
ERTS-2026-001271,2026-05-07T10:08:00Z,,Fuel tank rupture after vehicle left roadway; contaminated soil excavated.,47.66571,-117.38936,Spokane River,Spokane River,Spokane,Fresh Water,Gasoline,235.5,55.0,Vehicle,Orca Bay Seafoods Processing,Closed
ERTS-2026-001273,2026-01-19T11:36:00Z,2026-01-18T22:34:00Z,Mystery sheen observed by ferry crew; drift modeling requested.,47.56192,-122.37780,"Harbor Island, Seattle",Duwamish Waterway,King,Marine Water,Unknown oil sheen,4.1,,Unknown,,Cleanup In Progress
ERTS-2026-001274,2026-05-02T18:26:00Z,2026-05-01T15:14:00Z,Tank overfill alarm failure led to release at bulk fuel facility; vacuum truck dispatched.,47.95974,-122.24548,"Port Gardner, Everett",Port Gardner Bay,Snohomish,Marine Water,Untreated wastewater,3.4,1.6,Facility,Puget Terminal Operations LLC,Closed
ERTS-2026-001280,2026-06-09T10:14:00Z,2026-06-09T08:17:00Z,Fishing vessel bilge discharge produced intermittent sheen near dock.,48.51875,-122.56690,"March Point, Anacortes",Fidalgo Bay,Skagit,Marine Water,Bunker C (No. 6 fuel oil),257.8,149.3,Vessel,North Sound Excavation,Cleanup In Progress
ERTS-2026-001285,2026-04-01T18:50:00Z,2026-03-31T04:08:00Z,"Fuel overflow during vessel bunkering; absorbent pads applied, transfer halted.",47.61396,-122.21095,"Lake Washington, Bellevue",Lake Washington,King,Fresh Water,Gasoline,18.0,,Vessel,,Cleanup In Progress
ERTS-2026-001288,2026-01-10T06:30:00Z,2026-01-09T22:27:00Z,Valve gasket failure during product transfer; spill contained on paved apron.,46.98713,-123.80692,"Grays Harbor, Aberdeen",Grays Harbor,Grays Harbor,Marine Water,Untreated wastewater,386.2,61.0,Facility,Unknown,Closed
ERTS-2026-001290,2026-01-14T08:37:00Z,2026-01-13T15:15:00Z,Recreational vessel reported taking on water; visible sheen at marina slip.,48.46717,-122.57475,"March Point, Anacortes",Fidalgo Bay,Skagit,Marine Water,Oily bilge water,3.3,,Vessel,Evergreen Freight Lines,Closed
ERTS-2026-001291,2026-04-02T11:35:00Z,2026-04-02T01:30:00Z,Recreational vessel reported taking on water; visible sheen at marina slip.,46.93985,-123.77768,"Grays Harbor, Aberdeen",Grays Harbor,Grays Harbor,Marine Water,Hydraulic oil,47.9,6.5,Vessel,Columbia Basin Transport,Closed
ERTS-2026-001294,2026-01-14T12:15:00Z,2026-01-14T02:34:00Z,Tank overfill alarm failure led to release at bulk fuel facility; vacuum truck dispatched.,48.81853,-122.71920,"Cherry Point, Ferndale",Strait of Georgia,Whatcom,Marine Water,Bunker C (No. 6 fuel oil),8.7,1.9,Facility,Unknown,Cleanup In Progress
ERTS-2026-001297,2026-05-26T07:08:00Z,,Locomotive fuel tank seep along mainline; ballast contamination noted.,47.69768,-117.40230,Spokane River,Spokane River,Spokane,Land,Crude oil,0.7,0.4,Rail Car,Orca Bay Seafoods Processing,Reported
ERTS-2026-001300,2026-06-03T11:37:00Z,2026-06-01T21:22:00Z,Semi-truck saddle tank punctured in collision; fuel reached roadside ditch.,46.16906,-122.92201,Longview,Columbia River,Cowlitz,Land,Motor oil,0.5,0.2,Vehicle,Unknown,Closed
ERTS-2026-001301,2026-01-24T12:11:00Z,2026-01-22T17:05:00Z,Valve gasket failure during product transfer; spill contained on paved apron.,47.23833,-122.40463,"Commencement Bay, Tacoma",Commencement Bay,Pierce,Marine Water,Diesel fuel,3.9,,Facility,,Under Investigation
ERTS-2026-001302,2026-06-21T07:19:00Z,2026-06-19T23:57:00Z,"Fuel overflow during vessel bunkering; absorbent pads applied, transfer halted.",46.13041,-122.91864,Longview,Columbia River,Cowlitz,Fresh Water,Oily bilge water,2.8,1.9,Vessel,North Sound Excavation,Cleanup In Progress
ERTS-2026-001304,2026-02-15T13:26:00Z,,Fishing vessel bilge discharge produced intermittent sheen near dock.,48.52249,-123.01363,Friday Harbor,San Juan Channel,San Juan,Marine Water,Gasoline,3.9,2.9,Vessel,Puget Terminal Operations LLC,Under Investigation
ERTS-2026-001307,2026-05-19T09:46:00Z,,Fishing vessel bilge discharge produced intermittent sheen near dock.,46.09846,-122.90179,Longview,Columbia River,Cowlitz,Land,Diesel fuel,24.3,3.4,Vessel,Evergreen Freight Lines,Closed
